<Load xmlns="http://schemas.microsoft.com/analysisservices/2003/engine" xmlns:ddl2="http://schemas.microsoft.com/analysisservices/2003/engine/2" xmlns:ddl2_2="http://schemas.microsoft.com/analysisservices/2003/engine/2/2" xmlns:ddl100="http://schemas.microsoft.com/analysisservices/2008/engine/100" xmlns:ddl100_100="http://schemas.microsoft.com/analysisservices/2008/engine/100/100" xmlns:ddl200="http://schemas.microsoft.com/analysisservices/2010/engine/200" xmlns:ddl200_200="http://schemas.microsoft.com/analysisservices/2010/engine/200/200" xmlns:ddl300="http://schemas.microsoft.com/analysisservices/2011/engine/300" xmlns:ddl300_300="http://schemas.microsoft.com/analysisservices/2011/engine/300/300" xmlns:ddl400="http://schemas.microsoft.com/analysisservices/2012/engine/400" xmlns:ddl400_400="http://schemas.microsoft.com/analysisservices/2012/engine/400/400" xmlns:ddl410="http://schemas.microsoft.com/analysisservices/2012/engine/410" xmlns:ddl410_410="http://schemas.microsoft.com/analysisservices/2012/engine/410/410" xmlns:ddl500="http://schemas.microsoft.com/analysisservices/2013/engine/500" xmlns:ddl500_500="http://schemas.microsoft.com/analysisservices/2013/engine/500/500" xmlns:ddl600="http://schemas.microsoft.com/analysisservices/2013/engine/600" xmlns:ddl600_600="http://schemas.microsoft.com/analysisservices/2013/engine/600/600" xmlns:ddl700="http://schemas.microsoft.com/analysisservices/2018/engine/700" xmlns:ddl700_700="http://schemas.microsoft.com/analysisservices/2018/engine/700/700" xmlns:ddl800="http://schemas.microsoft.com/analysisservices/2018/engine/800" xmlns:ddl800_800="http://schemas.microsoft.com/analysisservices/2018/engine/800/800" xmlns:ddl900="http://schemas.microsoft.com/analysisservices/2019/engine/900" xmlns:ddl900_900="http://schemas.microsoft.com/analysisservices/2019/engine/900/900" xmlns:ddl910="http://schemas.microsoft.com/analysisservices/2020/engine/910" xmlns:ddl910_910="http://schemas.microsoft.com/analysisservices/2020/engine/910/910" xmlns:ddl920="http://schemas.microsoft.com/analysisservices/2020/engine/920" xmlns:ddl920_920="http://schemas.microsoft.com/analysisservices/2020/engine/920/920" xmlns:ddl921="http://schemas.microsoft.com/analysisservices/2021/engine/921" xmlns:ddl921_921="http://schemas.microsoft.com/analysisservices/2021/engine/921/921" xmlns:xsd="http://www.w3.org/2001/XMLSchema" xmlns:xsi="http://www.w3.org/2001/XMLSchema-instance"><ParentObject><DatabaseID>Northwind_OLAP</DatabaseID><CubeID>Northwind Dim</CubeID><MeasureGroupID>Dim Employee</MeasureGroupID></ParentObject><ObjectDefinition><Partition><Name>Dim Employee</Name><ID>Dim Employee</ID><CreatedTimestamp>2023-11-25T22:34:28.233333</CreatedTimestamp><LastSchemaUpdate>2023-11-25T22:36:44.556667</LastSchemaUpdate><ObjectVersion>2</ObjectVersion><ObjectID>A937E35F-400D-484A-9077-872F8D75F074</ObjectID><Ordinal>1</Ordinal><PersistLocation>0</PersistLocation><System>false</System><DataFileList>1.fact.data.hdr;1.string.dataidx;1.fact.data;1.string.data</DataFileList><Description/><DataVersion>1</DataVersion><LastBindingChange>1601-01-01T00:00:00</LastBindingChange><LastProcessed>2023-11-25T22:34:33.74</LastProcessed><Type>Data</Type><AggregationPrefix/><StorageMode>Molap</StorageMode><CurrentStorageMode>Molap</CurrentStorageMode><ddl300:StringStoresCompatibilityLevel>1050</ddl300:StringStoresCompatibilityLevel><ddl300:InternalStringStoresCompatibilityLevel>1050</ddl300:InternalStringStoresCompatibilityLevel><ddl300:CurrentStringStoresCompatibilityLevel>1050</ddl300:CurrentStringStoresCompatibilityLevel><ProcessingMode>Regular</ProcessingMode><ProcessingPriority>0</ProcessingPriority><StorageLocation/><RemoteDataSourceID/><Slice/><EstimatedRows>0</EstimatedRows><AggregationDesignID/><Source xsi:type="DsvTableBinding"><DataSourceViewID>Northwind Dim</DataSourceViewID><TableID>dbo_DimEmployee</TableID></Source><ProactiveCaching><SilenceInterval>-PT1S</SilenceInterval><Latency>-PT1S</Latency><SilenceOverrideInterval>-PT1S</SilenceOverrideInterval><ForceRebuildInterval>-PT1S</ForceRebuildInterval><Enabled>false</Enabled><AggregationStorage>Regular</AggregationStorage><OnlineMode>Immediate</OnlineMode><Source xsi:type="ProactiveCachingInheritedBinding"><NotificationTechnique>Client</NotificationTechnique></Source></ProactiveCaching><EstimatedSize>237</EstimatedSize><CacheVersion>1</CacheVersion></Partition></ObjectDefinition></Load>