<Partition xmlns="http://schemas.microsoft.com/analysisservices/2003/ext" xmlns:xsd="http://www.w3.org/2001/XMLSchema" xmlns:xsi="http://www.w3.org/2001/XMLSchema-instance"><DataVersion>1</DataVersion><RigidAggVersion>-1</RigidAggVersion><FlexAggVersion>-1</FlexAggVersion><DataIndexVersion>-1</DataIndexVersion><RigidIndexVersion>-1</RigidIndexVersion><FlexIndexVersion>-1</FlexIndexVersion><WBBindings/><WBDBindings/><Schema/><MapDataset><m_cbOffsetHeader>0</m_cbOffsetHeader><m_cbOffsetData>1152921504606846976</m_cbOffsetData><m_cRecord>29</m_cRecord><m_cSegment>1</m_cSegment><m_mskFormat>269484288</m_mskFormat><m_cbHeader>28</m_cbHeader><m_cPath>2</m_cPath><m_cData>1</m_cData><m_cSegmentIndex>4294967295</m_cSegmentIndex><MapDataIndices/><MinMaxValues/></MapDataset></Partition>