<Load xmlns="http://schemas.microsoft.com/analysisservices/2003/engine" xmlns:ddl2="http://schemas.microsoft.com/analysisservices/2003/engine/2" xmlns:ddl2_2="http://schemas.microsoft.com/analysisservices/2003/engine/2/2" xmlns:ddl100="http://schemas.microsoft.com/analysisservices/2008/engine/100" xmlns:ddl100_100="http://schemas.microsoft.com/analysisservices/2008/engine/100/100" xmlns:ddl200="http://schemas.microsoft.com/analysisservices/2010/engine/200" xmlns:ddl200_200="http://schemas.microsoft.com/analysisservices/2010/engine/200/200" xmlns:ddl300="http://schemas.microsoft.com/analysisservices/2011/engine/300" xmlns:ddl300_300="http://schemas.microsoft.com/analysisservices/2011/engine/300/300" xmlns:ddl400="http://schemas.microsoft.com/analysisservices/2012/engine/400" xmlns:ddl400_400="http://schemas.microsoft.com/analysisservices/2012/engine/400/400" xmlns:ddl410="http://schemas.microsoft.com/analysisservices/2012/engine/410" xmlns:ddl410_410="http://schemas.microsoft.com/analysisservices/2012/engine/410/410" xmlns:ddl500="http://schemas.microsoft.com/analysisservices/2013/engine/500" xmlns:ddl500_500="http://schemas.microsoft.com/analysisservices/2013/engine/500/500" xmlns:ddl600="http://schemas.microsoft.com/analysisservices/2013/engine/600" xmlns:ddl600_600="http://schemas.microsoft.com/analysisservices/2013/engine/600/600" xmlns:ddl700="http://schemas.microsoft.com/analysisservices/2018/engine/700" xmlns:ddl700_700="http://schemas.microsoft.com/analysisservices/2018/engine/700/700" xmlns:ddl800="http://schemas.microsoft.com/analysisservices/2018/engine/800" xmlns:ddl800_800="http://schemas.microsoft.com/analysisservices/2018/engine/800/800" xmlns:ddl900="http://schemas.microsoft.com/analysisservices/2019/engine/900" xmlns:ddl900_900="http://schemas.microsoft.com/analysisservices/2019/engine/900/900" xmlns:ddl910="http://schemas.microsoft.com/analysisservices/2020/engine/910" xmlns:ddl910_910="http://schemas.microsoft.com/analysisservices/2020/engine/910/910" xmlns:ddl920="http://schemas.microsoft.com/analysisservices/2020/engine/920" xmlns:ddl920_920="http://schemas.microsoft.com/analysisservices/2020/engine/920/920" xmlns:ddl921="http://schemas.microsoft.com/analysisservices/2021/engine/921" xmlns:ddl921_921="http://schemas.microsoft.com/analysisservices/2021/engine/921/921" xmlns:xsd="http://www.w3.org/2001/XMLSchema" xmlns:xsi="http://www.w3.org/2001/XMLSchema-instance"><ParentObject><DatabaseID>RegionMobility_OLAP</DatabaseID></ParentObject><ObjectDefinition><DataSource xsi:type="RelationalDataSource"><Name>Covid Report</Name><ID>Covid Report</ID><CreatedTimestamp>2023-11-26T03:17:38.93</CreatedTimestamp><LastSchemaUpdate>2023-11-26T03:17:55.973333</LastSchemaUpdate><ObjectVersion>1</ObjectVersion><ObjectID>12629F25-520A-45D5-8D99-E931DA312D10</ObjectID><Ordinal>1</Ordinal><PersistLocation>0</PersistLocation><System>false</System><DataFileList/><Description/><PermissionFileList/><ConnectionString>[EncryptedDataStart]KWlxgMwDz3jpNJENGpx/qETaQXpbo9eBA7/16Z9ob90N2UBMRba7hDJPQqDPNXLSG3rpcx6tz2Tt 
MufeJmLglymz/NofwPJcugDaMTTTq2Osz4Oyv3PR65iBwLJCey4baZzZWXmxXBi7ionBeRm0iA4O 
GaZfnOswPRLAWKqhXI5MTgzfmatIsHTYAo49je/DZ5gRUoWjIErD/Qf5GRWRvjJgP4vFK/Ou+HT+ 
kvT7HzbRsfbiYH0Nivp8j30w8JtkMAOI7tSrgJ3xcSfS4VTlmG1sAiJIDr++B3mmX4H6LekmzzSe 
Jf/qC2343t/mFBzNMDM+QWrD8ivf9kBpxqe5Px6kOxKlw6YMcGIiqkwRAeOLLOpDWYWnXEu9QfBK 
3wnk 
[EncryptedDataEnd]</ConnectionString><Timeout>P0D</Timeout><ImpersonationInfo><ImpersonationMode>ImpersonateServiceAccount</ImpersonationMode><Account/><Password>KHTLSRn/QjIVilHnwz1zWeNSFEcPuuazUjFpT2WayCMAARdm995QC3T++1bzn6rvoW0SScRt+YfD 
kEpPkIF7ghgfF0KUvpdWuLpt2GOkulM= 
</Password></ImpersonationInfo><MaxActiveConnections>10</MaxActiveConnections><Isolation>ReadCommitted</Isolation></DataSource></ObjectDefinition></Load>