<Load xmlns="http://schemas.microsoft.com/analysisservices/2003/engine" xmlns:ddl2="http://schemas.microsoft.com/analysisservices/2003/engine/2" xmlns:ddl2_2="http://schemas.microsoft.com/analysisservices/2003/engine/2/2" xmlns:ddl100="http://schemas.microsoft.com/analysisservices/2008/engine/100" xmlns:ddl100_100="http://schemas.microsoft.com/analysisservices/2008/engine/100/100" xmlns:ddl200="http://schemas.microsoft.com/analysisservices/2010/engine/200" xmlns:ddl200_200="http://schemas.microsoft.com/analysisservices/2010/engine/200/200" xmlns:ddl300="http://schemas.microsoft.com/analysisservices/2011/engine/300" xmlns:ddl300_300="http://schemas.microsoft.com/analysisservices/2011/engine/300/300" xmlns:ddl400="http://schemas.microsoft.com/analysisservices/2012/engine/400" xmlns:ddl400_400="http://schemas.microsoft.com/analysisservices/2012/engine/400/400" xmlns:ddl410="http://schemas.microsoft.com/analysisservices/2012/engine/410" xmlns:ddl410_410="http://schemas.microsoft.com/analysisservices/2012/engine/410/410" xmlns:ddl500="http://schemas.microsoft.com/analysisservices/2013/engine/500" xmlns:ddl500_500="http://schemas.microsoft.com/analysisservices/2013/engine/500/500" xmlns:ddl600="http://schemas.microsoft.com/analysisservices/2013/engine/600" xmlns:ddl600_600="http://schemas.microsoft.com/analysisservices/2013/engine/600/600" xmlns:ddl700="http://schemas.microsoft.com/analysisservices/2018/engine/700" xmlns:ddl700_700="http://schemas.microsoft.com/analysisservices/2018/engine/700/700" xmlns:ddl800="http://schemas.microsoft.com/analysisservices/2018/engine/800" xmlns:ddl800_800="http://schemas.microsoft.com/analysisservices/2018/engine/800/800" xmlns:ddl900="http://schemas.microsoft.com/analysisservices/2019/engine/900" xmlns:ddl900_900="http://schemas.microsoft.com/analysisservices/2019/engine/900/900" xmlns:ddl910="http://schemas.microsoft.com/analysisservices/2020/engine/910" xmlns:ddl910_910="http://schemas.microsoft.com/analysisservices/2020/engine/910/910" xmlns:ddl920="http://schemas.microsoft.com/analysisservices/2020/engine/920" xmlns:ddl920_920="http://schemas.microsoft.com/analysisservices/2020/engine/920/920" xmlns:ddl921="http://schemas.microsoft.com/analysisservices/2021/engine/921" xmlns:ddl921_921="http://schemas.microsoft.com/analysisservices/2021/engine/921/921" xmlns:xsd="http://www.w3.org/2001/XMLSchema" xmlns:xsi="http://www.w3.org/2001/XMLSchema-instance"><ParentObject><DatabaseID>RegionMobility_OLAP</DatabaseID></ParentObject><ObjectDefinition><Cube><Name>Covid Report</Name><ID>Covid Report</ID><CreatedTimestamp>2023-11-26T03:17:38.94</CreatedTimestamp><LastSchemaUpdate>2023-11-26T03:17:56.063333</LastSchemaUpdate><ObjectVersion>2</ObjectVersion><ObjectID>A65C2349-E4AA-4777-8973-06CB20918753</ObjectID><Ordinal>1</Ordinal><PersistLocation>0</PersistLocation><System>false</System><DataFileList/><Description/><Annotations xmlns:ddl500_500="http://schemas.microsoft.com/analysisservices/2013/engine/500/500" xmlns:ddl500="http://schemas.microsoft.com/analysisservices/2013/engine/500" xmlns:ddl400_400="http://schemas.microsoft.com/analysisservices/2012/engine/400/400" xmlns:ddl400="http://schemas.microsoft.com/analysisservices/2012/engine/400" xmlns:ddl300_300="http://schemas.microsoft.com/analysisservices/2011/engine/300/300" xmlns:ddl300="http://schemas.microsoft.com/analysisservices/2011/engine/300" xmlns:ddl200_200="http://schemas.microsoft.com/analysisservices/2010/engine/200/200" xmlns:ddl200="http://schemas.microsoft.com/analysisservices/2010/engine/200" xmlns:ddl100_100="http://schemas.microsoft.com/analysisservices/2008/engine/100/100" xmlns:ddl2_2="http://schemas.microsoft.com/analysisservices/2003/engine/2/2" xmlns:ddl2="http://schemas.microsoft.com/analysisservices/2003/engine/2" xmlns:xsi="http://www.w3.org/2001/XMLSchema-instance" xmlns:xsd="http://www.w3.org/2001/XMLSchema" xmlns="http://schemas.microsoft.com/analysisservices/2003/engine">
              <Annotation>
                <Name>http://schemas.microsoft.com/DataWarehouse/Designer/1.0:DiagramLayout</Name>
                <Value>
                  <dds xmlns="">
                    <diagram fontclsid="{0BE35203-8F91-11CE-9DE3-00AA004BB851}" mouseiconclsid="{0BE35204-8F91-11CE-9DE3-00AA004BB851}" defaultlayout="MSDDS.Rectilinear" defaultlineroute="MSDDS.Rectilinear" version="7" nextobject="6" scale="100" pagebreakanchorx="0" pagebreakanchory="0" pagebreaksizex="0" pagebreaksizey="0" scrollleft="-4896" scrolltop="-6" gridx="150" gridy="150" marginx="5000" marginy="5000" zoom="78" x="16870" y="8170" backcolor="2434342" defaultpersistence="2" PrintPageNumbersMode="3" PrintMarginTop="0" PrintMarginBottom="635" PrintMarginLeft="0" PrintMarginRight="0" marqueeselectionmode="0" mousepointer="0" snaptogrid="0" autotypeannotation="1" showscrollbars="0" viewpagebreaks="0" donotforceconnectorsbehindshapes="1" backpictureclsid="{00000000-0000-0000-0000-000000000000}">
                      <font>
                        <ddsxmlobjectstreamwrapper binary="010000009001b0300100065461686f6d61"/>
                      </font>
                      <mouseicon>
                        <ddsxmlobjectstreamwrapper binary="6c74000000000000"/>
                      </mouseicon>
                    </diagram>
                    <layoutmanager>
                      <ddsxmlobj/>
                    </layoutmanager>
                    <ddscontrol controlprogid="DdsShapes.DdsObjectManagedBridge" tooltip="Dim_Location" left="7479" top="0" logicalid="1" controlid="1" masterid="0" hint1="0" hint2="0" width="3768" height="4106" noresize="0" nomove="0" nodefaultattachpoints="0" autodrag="1" usedefaultiddshape="1" selectable="1" showselectionhandles="1" allownudging="1" isannotation="0" dontautolayout="0" groupcollapsed="0" tabstop="1" visible="1" snaptogrid="0">
                      <control>
                        <ddsxmlobjectstreaminitwrapper binary="000e0000b80e00000a100000"/>
                      </control>
                      <layoutobject>
                        <ddsxmlobj>
                          <property name="LogicalObject" value="dbo_Dim_Location" vartype="8"/>
                        </ddsxmlobj>
                      </layoutobject>
                      <shape groupshapeid="0" groupnode="0"/>
                    </ddscontrol>
                    <ddscontrol controlprogid="DdsShapes.DdsObjectManagedBridge" tooltip="Fact_Mobility" left="20" top="0" logicalid="2" controlid="2" masterid="0" hint1="0" hint2="0" width="5059" height="4106" noresize="0" nomove="0" nodefaultattachpoints="0" autodrag="1" usedefaultiddshape="1" selectable="1" showselectionhandles="1" allownudging="1" isannotation="0" dontautolayout="0" groupcollapsed="0" tabstop="1" visible="1" snaptogrid="0">
                      <control>
                        <ddsxmlobjectstreaminitwrapper binary="000e0000c31300000a100000"/>
                      </control>
                      <layoutobject>
                        <ddsxmlobj>
                          <property name="LogicalObject" value="dbo_Fact_Mobility" vartype="8"/>
                        </ddsxmlobj>
                      </layoutobject>
                      <shape groupshapeid="0" groupnode="0"/>
                    </ddscontrol>
                    <ddscontrol controlprogid="DdsShapes.DdsObjectManagedBridge" tooltip="Dim_Date" left="1049" top="6506" logicalid="3" controlid="3" masterid="0" hint1="0" hint2="0" width="3000" height="3387" noresize="0" nomove="0" nodefaultattachpoints="0" autodrag="1" usedefaultiddshape="1" selectable="1" showselectionhandles="1" allownudging="1" isannotation="0" dontautolayout="0" groupcollapsed="0" tabstop="1" visible="1" snaptogrid="0">
                      <control>
                        <ddsxmlobjectstreaminitwrapper binary="000e0000b80b00003b0d0000"/>
                      </control>
                      <layoutobject>
                        <ddsxmlobj>
                          <property name="LogicalObject" value="dbo_Dim_Date" vartype="8"/>
                        </ddsxmlobj>
                      </layoutobject>
                      <shape groupshapeid="0" groupnode="0"/>
                    </ddscontrol>
                    <ddscontrol controlprogid="MSDDS.Polyline" left="4779" top="1654" logicalid="4" controlid="4" masterid="0" hint1="0" hint2="0" width="3000" height="799" noresize="0" nomove="0" nodefaultattachpoints="1" autodrag="0" usedefaultiddshape="0" selectable="1" showselectionhandles="0" allownudging="1" isannotation="0" dontautolayout="0" groupcollapsed="0" tabstop="1" visible="1" snaptogrid="0">
                      <control>
                        <ddsxmlobj>
                          <polyline endtypedst="6" endtypesrc="3" usercolor="15856113" linestyle="0" linerender="1" customendtypedstid="0" customendtypesrcid="0" adornsvisible="1"/>
                        </ddsxmlobj>
                      </control>
                      <layoutobject>
                        <ddsxmlobj>
                          <property name="LogicalObject" value="dataSet.Relations[FK__Fact_Mobi__Locat__5535A963]" vartype="8"/>
                          <property name="Virtual" value="0" vartype="11"/>
                          <property name="VisibleAP" value="0" vartype="3"/>
                        </ddsxmlobj>
                      </layoutobject>
                      <connector lineroutestyle="MSDDS.Rectilinear" sourceid="1" destid="2" sourceattachpoint="20" destattachpoint="25" segmenteditmode="0" bendpointeditmode="0" bendpointvisibility="0" relatedid="0" virtual="0">
                        <point x="7479" y="2053"/>
                        <point x="5079" y="2053"/>
                      </connector>
                    </ddscontrol>
                    <ddscontrol controlprogid="MSDDS.Polyline" left="2150" top="3806" logicalid="5" controlid="5" masterid="0" hint1="0" hint2="0" width="799" height="3200" noresize="0" nomove="0" nodefaultattachpoints="1" autodrag="0" usedefaultiddshape="0" selectable="1" showselectionhandles="0" allownudging="1" isannotation="0" dontautolayout="0" groupcollapsed="0" tabstop="1" visible="1" snaptogrid="0">
                      <control>
                        <ddsxmlobj>
                          <polyline endtypedst="6" endtypesrc="3" usercolor="15856113" linestyle="0" linerender="1" customendtypedstid="0" customendtypesrcid="0" adornsvisible="1"/>
                        </ddsxmlobj>
                      </control>
                      <layoutobject>
                        <ddsxmlobj>
                          <property name="LogicalObject" value="dataSet.Relations[FK__Fact_Mobi__DateK__5441852A]" vartype="8"/>
                          <property name="Virtual" value="0" vartype="11"/>
                          <property name="VisibleAP" value="0" vartype="3"/>
                        </ddsxmlobj>
                      </layoutobject>
                      <connector lineroutestyle="MSDDS.Rectilinear" sourceid="3" destid="2" sourceattachpoint="4" destattachpoint="9" segmenteditmode="0" bendpointeditmode="0" bendpointvisibility="0" relatedid="0" virtual="0">
                        <point x="2549" y="6506"/>
                        <point x="2549" y="4106"/>
                      </connector>
                    </ddscontrol>
                  </dds>
                </Value>
              </Annotation>
              <Annotation>
                <Name>http://schemas.microsoft.com/DataWarehouse/Designer/1.0:ShowFriendlyNames</Name>
                <Value>true</Value>
              </Annotation>
              <Annotation>
                <Name>http://schemas.microsoft.com/DataWarehouse/Designer/1.0:ShowRelationshipNames</Name>
                <Value>false</Value>
              </Annotation>
              <Annotation>
                <Name>http://schemas.microsoft.com/DataWarehouse/Designer/1.0:UseDiagramDefaultLayout</Name>
                <Value>true</Value>
              </Annotation>
              <Annotation>
                <Name>http://schemas.microsoft.com/DataWarehouse/Designer/1.0:DiagramViewPortLeft</Name>
                <Value>-4896</Value>
              </Annotation>
              <Annotation>
                <Name>http://schemas.microsoft.com/DataWarehouse/Designer/1.0:DiagramViewPortTop</Name>
                <Value>-6</Value>
              </Annotation>
              <Annotation>
                <Name>http://schemas.microsoft.com/DataWarehouse/Designer/1.0:DiagramBoundingLeft</Name>
                <Value>20</Value>
              </Annotation>
              <Annotation>
                <Name>http://schemas.microsoft.com/DataWarehouse/Designer/1.0:DiagramBoundingTop</Name>
                <Value>0</Value>
              </Annotation>
              <Annotation>
                <Name>http://schemas.microsoft.com/DataWarehouse/Designer/1.0:DiagramZoom</Name>
                <Value>78</Value>
              </Annotation>
            </Annotations><LastProcessed>2023-11-26T03:17:41.83</LastProcessed><Language>1033</Language><Collation>Modern_Spanish_CI_AS</Collation><DefaultMeasure/><Visible>true</Visible><AggregationPrefix/><StorageMode>Molap</StorageMode><ProcessingMode>Regular</ProcessingMode><ProcessingPriority>0</ProcessingPriority><ScriptCacheProcessingMode>Regular</ScriptCacheProcessingMode><ScriptErrorHandlingMode>IgnoreNone</ScriptErrorHandlingMode><StorageLocation/><EstimatedRows>0</EstimatedRows><Source xsi:type="DataSourceViewBinding"><DataSourceViewID>Covid Report</DataSourceViewID></Source><ProactiveCaching><SilenceInterval>-PT1S</SilenceInterval><Latency>-PT1S</Latency><SilenceOverrideInterval>-PT1S</SilenceOverrideInterval><ForceRebuildInterval>-PT1S</ForceRebuildInterval><Enabled>false</Enabled><AggregationStorage>Regular</AggregationStorage><OnlineMode>Immediate</OnlineMode><Source xsi:type="ProactiveCachingInheritedBinding"><NotificationTechnique>Client</NotificationTechnique></Source></ProactiveCaching><Translations/><Dimensions><Dimension><ID>Dim Date</ID><Name>Dim Date</Name><DimensionID>Dim Date</DimensionID><Visible>true</Visible><HierarchyUniqueNameStyle>IncludeDimensionName</HierarchyUniqueNameStyle><MemberUniqueNameStyle>Native</MemberUniqueNameStyle><AllMemberAggregationUsage>Default</AllMemberAggregationUsage><Translations/><Attributes><Attribute><AttributeID>Date Key</AttributeID><AggregationUsage>Default</AggregationUsage><AttributeHierarchyEnabled>true</AttributeHierarchyEnabled><AttributeHierarchyVisible>true</AttributeHierarchyVisible><AttributeHierarchyOptimizedState>FullyOptimized</AttributeHierarchyOptimizedState></Attribute><Attribute><AttributeID>Date</AttributeID><AggregationUsage>Default</AggregationUsage><AttributeHierarchyEnabled>true</AttributeHierarchyEnabled><AttributeHierarchyVisible>true</AttributeHierarchyVisible><AttributeHierarchyOptimizedState>FullyOptimized</AttributeHierarchyOptimizedState></Attribute><Attribute><AttributeID>Year</AttributeID><AggregationUsage>Default</AggregationUsage><AttributeHierarchyEnabled>true</AttributeHierarchyEnabled><AttributeHierarchyVisible>true</AttributeHierarchyVisible><AttributeHierarchyOptimizedState>FullyOptimized</AttributeHierarchyOptimizedState></Attribute><Attribute><AttributeID>Quarter</AttributeID><AggregationUsage>Default</AggregationUsage><AttributeHierarchyEnabled>true</AttributeHierarchyEnabled><AttributeHierarchyVisible>true</AttributeHierarchyVisible><AttributeHierarchyOptimizedState>FullyOptimized</AttributeHierarchyOptimizedState></Attribute><Attribute><AttributeID>Month</AttributeID><AggregationUsage>Default</AggregationUsage><AttributeHierarchyEnabled>true</AttributeHierarchyEnabled><AttributeHierarchyVisible>true</AttributeHierarchyVisible><AttributeHierarchyOptimizedState>FullyOptimized</AttributeHierarchyOptimizedState></Attribute><Attribute><AttributeID>Week</AttributeID><AggregationUsage>Default</AggregationUsage><AttributeHierarchyEnabled>true</AttributeHierarchyEnabled><AttributeHierarchyVisible>true</AttributeHierarchyVisible><AttributeHierarchyOptimizedState>FullyOptimized</AttributeHierarchyOptimizedState></Attribute><Attribute><AttributeID>Day Of Week</AttributeID><AggregationUsage>Default</AggregationUsage><AttributeHierarchyEnabled>true</AttributeHierarchyEnabled><AttributeHierarchyVisible>true</AttributeHierarchyVisible><AttributeHierarchyOptimizedState>FullyOptimized</AttributeHierarchyOptimizedState></Attribute></Attributes><Hierarchies/></Dimension><Dimension><ID>Dim Date 1</ID><Name>Dim Date 1</Name><DimensionID>Dim Date 1</DimensionID><Visible>true</Visible><HierarchyUniqueNameStyle>IncludeDimensionName</HierarchyUniqueNameStyle><MemberUniqueNameStyle>Native</MemberUniqueNameStyle><AllMemberAggregationUsage>Default</AllMemberAggregationUsage><Translations/><Attributes><Attribute><AttributeID>Date Key</AttributeID><AggregationUsage>Default</AggregationUsage><AttributeHierarchyEnabled>true</AttributeHierarchyEnabled><AttributeHierarchyVisible>true</AttributeHierarchyVisible><AttributeHierarchyOptimizedState>FullyOptimized</AttributeHierarchyOptimizedState></Attribute></Attributes><Hierarchies/></Dimension><Dimension><ID>Dim Location</ID><Name>Dim Location</Name><DimensionID>Dim Location</DimensionID><Visible>true</Visible><HierarchyUniqueNameStyle>IncludeDimensionName</HierarchyUniqueNameStyle><MemberUniqueNameStyle>Native</MemberUniqueNameStyle><AllMemberAggregationUsage>Default</AllMemberAggregationUsage><Translations/><Attributes><Attribute><AttributeID>Location Key</AttributeID><AggregationUsage>Default</AggregationUsage><AttributeHierarchyEnabled>true</AttributeHierarchyEnabled><AttributeHierarchyVisible>true</AttributeHierarchyVisible><AttributeHierarchyOptimizedState>FullyOptimized</AttributeHierarchyOptimizedState></Attribute><Attribute><AttributeID>Country Region Code</AttributeID><AggregationUsage>Default</AggregationUsage><AttributeHierarchyEnabled>true</AttributeHierarchyEnabled><AttributeHierarchyVisible>true</AttributeHierarchyVisible><AttributeHierarchyOptimizedState>FullyOptimized</AttributeHierarchyOptimizedState></Attribute><Attribute><AttributeID>Country Region</AttributeID><AggregationUsage>Default</AggregationUsage><AttributeHierarchyEnabled>true</AttributeHierarchyEnabled><AttributeHierarchyVisible>true</AttributeHierarchyVisible><AttributeHierarchyOptimizedState>FullyOptimized</AttributeHierarchyOptimizedState></Attribute><Attribute><AttributeID>Sub Region1</AttributeID><AggregationUsage>Default</AggregationUsage><AttributeHierarchyEnabled>true</AttributeHierarchyEnabled><AttributeHierarchyVisible>true</AttributeHierarchyVisible><AttributeHierarchyOptimizedState>FullyOptimized</AttributeHierarchyOptimizedState></Attribute><Attribute><AttributeID>Sub Region2</AttributeID><AggregationUsage>Default</AggregationUsage><AttributeHierarchyEnabled>true</AttributeHierarchyEnabled><AttributeHierarchyVisible>true</AttributeHierarchyVisible><AttributeHierarchyOptimizedState>FullyOptimized</AttributeHierarchyOptimizedState></Attribute><Attribute><AttributeID>Metro Area</AttributeID><AggregationUsage>Default</AggregationUsage><AttributeHierarchyEnabled>true</AttributeHierarchyEnabled><AttributeHierarchyVisible>true</AttributeHierarchyVisible><AttributeHierarchyOptimizedState>FullyOptimized</AttributeHierarchyOptimizedState></Attribute><Attribute><AttributeID>ISO3166 2 Code</AttributeID><AggregationUsage>Default</AggregationUsage><AttributeHierarchyEnabled>true</AttributeHierarchyEnabled><AttributeHierarchyVisible>true</AttributeHierarchyVisible><AttributeHierarchyOptimizedState>FullyOptimized</AttributeHierarchyOptimizedState></Attribute><Attribute><AttributeID>Census Fips Code</AttributeID><AggregationUsage>Default</AggregationUsage><AttributeHierarchyEnabled>true</AttributeHierarchyEnabled><AttributeHierarchyVisible>true</AttributeHierarchyVisible><AttributeHierarchyOptimizedState>FullyOptimized</AttributeHierarchyOptimizedState></Attribute><Attribute><AttributeID>Place ID</AttributeID><AggregationUsage>Default</AggregationUsage><AttributeHierarchyEnabled>true</AttributeHierarchyEnabled><AttributeHierarchyVisible>true</AttributeHierarchyVisible><AttributeHierarchyOptimizedState>FullyOptimized</AttributeHierarchyOptimizedState></Attribute></Attributes><Hierarchies/></Dimension></Dimensions><Kpis/><Actions/><StructureVersion>0</StructureVersion><DataVersion>1</DataVersion><CalcVersion>0</CalcVersion><LastBindingChange>1601-01-01T00:00:00</LastBindingChange><LastUpdate>2023-11-26T03:17:56.103333</LastUpdate><MeasureGroupFileList>Dim Date.2.det.xml;Fact Mobility.2.det.xml</MeasureGroupFileList><PerspectiveFileList/><AssemblyFileList/><PermissionFileList/></Cube></ObjectDefinition></Load>