<Load xmlns="http://schemas.microsoft.com/analysisservices/2003/engine" xmlns:ddl2="http://schemas.microsoft.com/analysisservices/2003/engine/2" xmlns:ddl2_2="http://schemas.microsoft.com/analysisservices/2003/engine/2/2" xmlns:ddl100="http://schemas.microsoft.com/analysisservices/2008/engine/100" xmlns:ddl100_100="http://schemas.microsoft.com/analysisservices/2008/engine/100/100" xmlns:ddl200="http://schemas.microsoft.com/analysisservices/2010/engine/200" xmlns:ddl200_200="http://schemas.microsoft.com/analysisservices/2010/engine/200/200" xmlns:ddl300="http://schemas.microsoft.com/analysisservices/2011/engine/300" xmlns:ddl300_300="http://schemas.microsoft.com/analysisservices/2011/engine/300/300" xmlns:ddl400="http://schemas.microsoft.com/analysisservices/2012/engine/400" xmlns:ddl400_400="http://schemas.microsoft.com/analysisservices/2012/engine/400/400" xmlns:ddl410="http://schemas.microsoft.com/analysisservices/2012/engine/410" xmlns:ddl410_410="http://schemas.microsoft.com/analysisservices/2012/engine/410/410" xmlns:ddl500="http://schemas.microsoft.com/analysisservices/2013/engine/500" xmlns:ddl500_500="http://schemas.microsoft.com/analysisservices/2013/engine/500/500" xmlns:ddl600="http://schemas.microsoft.com/analysisservices/2013/engine/600" xmlns:ddl600_600="http://schemas.microsoft.com/analysisservices/2013/engine/600/600" xmlns:ddl700="http://schemas.microsoft.com/analysisservices/2018/engine/700" xmlns:ddl700_700="http://schemas.microsoft.com/analysisservices/2018/engine/700/700" xmlns:ddl800="http://schemas.microsoft.com/analysisservices/2018/engine/800" xmlns:ddl800_800="http://schemas.microsoft.com/analysisservices/2018/engine/800/800" xmlns:ddl900="http://schemas.microsoft.com/analysisservices/2019/engine/900" xmlns:ddl900_900="http://schemas.microsoft.com/analysisservices/2019/engine/900/900" xmlns:ddl910="http://schemas.microsoft.com/analysisservices/2020/engine/910" xmlns:ddl910_910="http://schemas.microsoft.com/analysisservices/2020/engine/910/910" xmlns:ddl920="http://schemas.microsoft.com/analysisservices/2020/engine/920" xmlns:ddl920_920="http://schemas.microsoft.com/analysisservices/2020/engine/920/920" xmlns:ddl921="http://schemas.microsoft.com/analysisservices/2021/engine/921" xmlns:ddl921_921="http://schemas.microsoft.com/analysisservices/2021/engine/921/921" xmlns:xsd="http://www.w3.org/2001/XMLSchema" xmlns:xsi="http://www.w3.org/2001/XMLSchema-instance"><ParentObject><DatabaseID>RegionMobility_OLAP</DatabaseID></ParentObject><ObjectDefinition><Dimension><Name>Dim Date</Name><ID>Dim Date</ID><CreatedTimestamp>2023-11-26T03:17:38.936667</CreatedTimestamp><LastSchemaUpdate>2023-11-26T03:17:56.02</LastSchemaUpdate><ObjectVersion>2</ObjectVersion><ObjectID>8F406746-12B1-440C-B4A2-FD16DCD64169</ObjectID><Ordinal>3</Ordinal><PersistLocation>0</PersistLocation><System>false</System><DataFileList>1.(All).ksstore;1.Year.ahstore;1.Date Key.Date Key.dstore;1.Quarter.kstore;1.Week.Week.sstore;1.(All).bstore;1.Date Key.kstore;1.Year.Year.lstore;1.Quarter.bsstore;1.Year.asstore;1.Month.fact.data;1.Year.Year.dstore;1.Date Key.Date Key.ostore;1.Week.ksstoreidx;1.Week.asstoreidx;1.Day Of Week.ksstoreidx;1.Date Key.ksstoreidx;1.Date Key.ahstore;1.Day Of Week.asstoreidx;1.Day Of Week.hstore;1.Quarter.(All).lstore;1.Date Key.asstoreidx;1.Year.fact.data.hdr;1.Year.(All).sstore;1.Year.bstore;1.Month.bsstore;1.Year.Year.ostore;1.Quarter.Quarter.lstore;1.Day Of Week.Day Of Week.sstore;1.Quarter.(All).dstore;1.Year.Year.fact.map;1.Month.Month.fact.map;1.Year.bsstoreidx;1.Week.bsstore;1.Month.Month.lstore;1.(All).bsstore;1.Month.astore;1.Date Key.(All).sstore;1.Date Key.asstore;1.Week.bstore;1.Quarter.Quarter.dstore;1.Month.Month.dstore;1.Date Key.fact.data;1.Quarter.ksstoreidx;1.Date Key.Quarter.fact.map;1.Date.ahstore;1.Quarter.asstoreidx;1.Quarter.(All).ostore;1.Week.(All).lstore;1.Year.khstore;1.Day Of Week.kstore;1.Month.(All).sstore;1.(All).hstore;1.Date.bstore;1.Date.fact.data;1.Week.(All).dstore;1.Date Key.Month.fact.map;1.Week.Week.fact.map;1.Quarter.Quarter.ostore;1.Month.Month.ostore;1.Month.Date Key.dstore;1.Day Of Week.Day Of Week.fact.map.hdr;1.Date.asstore;1.Quarter.fact.data.hdr;1.Week.bsstoreidx;1.Day Of Week.bsstoreidx;1.Date Key.Day Of Week.fact.map;1.Month.Month.fact.map.hdr;1.Year.ksstore;1.Quarter.astore;1.Date Key.astore;1.Date Key.bsstoreidx;1.Week.(All).ostore;1.Day Of Week.(All).lstore;1.Date Key.Date Key.fact.map;1.Date Key.khstore;1.Day Of Week.ahstore;1.Date.(All).sstore;1.(All).kstore;1.Year.hstore;1.Day Of Week.(All).dstore;1.Day Of Week.Date Key.dstore;1.Date Key.Day Of Week.fact.map.hdr;1.Quarter.bsstoreidx;1.Week.hstore;1.Quarter.Quarter.fact.map;1.(All).ksstoreidx;1.Day Of Week.asstore;1.Week.Week.lstore;1.(All).asstoreidx;1.Date Key.ksstore;1.Date.Date.sstore;1.Date Key.Week.fact.map.hdr;1.Day Of Week.(All).ostore;1.Date.khstore;1.Date.hstore;1.Week.Week.dstore;1.Year.kstore;1.Year.bsstore;1.Year.fact.data;1.Week.kstore;1.Day Of Week.astore;1.Year.(All).lstore;1.Date.ksstore;1.Quarter.ahstore;1.Month.bstore;1.Day Of Week.fact.data;1.Week.Week.ostore;1.Day Of Week.Day Of Week.lstore;1.Date.ksstoreidx;1.Quarter.fact.data;1.Date Key.Date Key.sstore;1.Year.(All).dstore;1.Day Of Week.Day Of Week.fact.map;1.Date Key.fact.data.hdr;1.Date.kstore;1.Date.asstoreidx;1.Date Key.(All).lstore;1.Day Of Week.Day Of Week.dstore;1.Day Of Week.khstore;1.Date Key.Year.fact.map;1.Date Key.bsstore;1.Quarter.asstore;1.Month.ksstoreidx;1.Month.asstoreidx;1.Quarter.Quarter.fact.map.hdr;1.(All).bsstoreidx;1.Year.Year.sstore;1.Date Key.(All).dstore;1.Month.ahstore;1.Year.(All).ostore;1.Month.(All).lstore;1.(All).astore;1.Date.fact.data.hdr;1.Week.ahstore;1.Day Of Week.Day Of Week.ostore;1.Date.Date Key.dstore;1.Year.Date Key.dstore;1.(All).ahstore;1.Quarter.bstore;1.Day Of Week.ksstore;1.Month.(All).dstore;1.Date Key.Date.fact.map;1.Date Key.(All).ostore;1.Date Key.bstore;1.Quarter.(All).sstore;1.Date.bsstore;1.Month.asstore;1.Week.asstore;1.Quarter.Quarter.sstore;1.Quarter.Date Key.dstore;1.Date Key.Year.fact.map.hdr;1.Date Key.Month.fact.map.hdr;1.Date.Date.fact.map;1.(All).asstore;1.Month.(All).ostore;1.Month.Month.sstore;1.Month.hstore;1.Date.(All).lstore;1.Date.bsstoreidx;1.Year.astore;1.Quarter.khstore;1.Date.(All).dstore;1.Month.bsstoreidx;1.Week.astore;1.Week.(All).sstore;1.Date.Date.fact.map.hdr;1.Date Key.Quarter.fact.map.hdr;1.Date.Date.lstore;1.Date Key.Week.fact.map;1.Quarter.ksstore;1.Month.fact.data.hdr;1.Day Of Week.bsstore;1.Day Of Week.fact.data.hdr;1.Date.astore;1.Date.(All).ostore;1.Date.Date.dstore;1.Week.Date Key.dstore;1.Year.Year.fact.map.hdr;1.(All).fact.data.hdr;1.Month.kstore;1.Month.khstore;1.Week.khstore;1.Day Of Week.bstore;1.Date Key.Date Key.fact.map.hdr;1.Quarter.hstore;1.(All).khstore;1.Date Key.hstore;1.Day Of Week.(All).sstore;1.Year.ksstoreidx;1.Year.asstoreidx;1.Date.Date.ostore;1.Month.ksstore;1.Week.ksstore;1.Week.fact.data;1.Week.fact.data.hdr;1.Date Key.Date Key.lstore;1.Date Key.Date.fact.map.hdr;1.Week.Week.fact.map.hdr;1.(All).fact.data</DataFileList><Description/><Annotations xmlns:ddl500_500="http://schemas.microsoft.com/analysisservices/2013/engine/500/500" xmlns:ddl500="http://schemas.microsoft.com/analysisservices/2013/engine/500" xmlns:ddl400_400="http://schemas.microsoft.com/analysisservices/2012/engine/400/400" xmlns:ddl400="http://schemas.microsoft.com/analysisservices/2012/engine/400" xmlns:ddl300_300="http://schemas.microsoft.com/analysisservices/2011/engine/300/300" xmlns:ddl300="http://schemas.microsoft.com/analysisservices/2011/engine/300" xmlns:ddl200_200="http://schemas.microsoft.com/analysisservices/2010/engine/200/200" xmlns:ddl200="http://schemas.microsoft.com/analysisservices/2010/engine/200" xmlns:ddl100_100="http://schemas.microsoft.com/analysisservices/2008/engine/100/100" xmlns:ddl2_2="http://schemas.microsoft.com/analysisservices/2003/engine/2/2" xmlns:ddl2="http://schemas.microsoft.com/analysisservices/2003/engine/2" xmlns:xsi="http://www.w3.org/2001/XMLSchema-instance" xmlns:xsd="http://www.w3.org/2001/XMLSchema" xmlns="http://schemas.microsoft.com/analysisservices/2003/engine">
              <Annotation>
                <Name>http://schemas.microsoft.com/DataWarehouse/Designer/1.0:DiagramLayout</Name>
                <Value>
                  <dds xmlns="">
                    <diagram fontclsid="{0BE35203-8F91-11CE-9DE3-00AA004BB851}" mouseiconclsid="{0BE35204-8F91-11CE-9DE3-00AA004BB851}" defaultlayout="MSDDS.Rectilinear" defaultlineroute="MSDDS.Rectilinear" version="7" nextobject="2" scale="100" pagebreakanchorx="0" pagebreakanchory="0" pagebreaksizex="0" pagebreaksizey="0" scrollleft="-1866" scrolltop="-2392" gridx="150" gridy="150" marginx="5000" marginy="5000" zoom="100" x="6773" y="8170" backcolor="2434342" defaultpersistence="2" PrintPageNumbersMode="3" PrintMarginTop="0" PrintMarginBottom="635" PrintMarginLeft="0" PrintMarginRight="0" marqueeselectionmode="0" mousepointer="0" snaptogrid="0" autotypeannotation="1" showscrollbars="0" viewpagebreaks="0" donotforceconnectorsbehindshapes="1" backpictureclsid="{00000000-0000-0000-0000-000000000000}">
                      <font>
                        <ddsxmlobjectstreamwrapper binary="010000009001b0300100065461686f6d61"/>
                      </font>
                      <mouseicon>
                        <ddsxmlobjectstreamwrapper binary="6c74000000000000"/>
                      </mouseicon>
                    </diagram>
                    <layoutmanager>
                      <ddsxmlobj/>
                    </layoutmanager>
                    <ddscontrol controlprogid="DdsShapes.DdsObjectManagedBridge" tooltip="Dim_Date" left="20" top="0" logicalid="1" controlid="1" masterid="0" hint1="0" hint2="0" width="3000" height="3387" noresize="0" nomove="0" nodefaultattachpoints="0" autodrag="1" usedefaultiddshape="1" selectable="1" showselectionhandles="1" allownudging="1" isannotation="0" dontautolayout="0" groupcollapsed="0" tabstop="1" visible="1" snaptogrid="0">
                      <control>
                        <ddsxmlobjectstreaminitwrapper binary="000e0000b80b00003b0d0000"/>
                      </control>
                      <layoutobject>
                        <ddsxmlobj>
                          <property name="LogicalObject" value="dbo_Dim_Date" vartype="8"/>
                        </ddsxmlobj>
                      </layoutobject>
                      <shape groupshapeid="0" groupnode="0"/>
                    </ddscontrol>
                  </dds>
                </Value>
              </Annotation>
              <Annotation>
                <Name>http://schemas.microsoft.com/DataWarehouse/Designer/1.0:ShowFriendlyNames</Name>
                <Value>true</Value>
              </Annotation>
              <Annotation>
                <Name>http://schemas.microsoft.com/DataWarehouse/Designer/1.0:ShowRelationshipNames</Name>
                <Value>false</Value>
              </Annotation>
              <Annotation>
                <Name>http://schemas.microsoft.com/DataWarehouse/Designer/1.0:UseDiagramDefaultLayout</Name>
                <Value>true</Value>
              </Annotation>
              <Annotation>
                <Name>http://schemas.microsoft.com/DataWarehouse/Designer/1.0:DiagramViewPortLeft</Name>
                <Value>-1866</Value>
              </Annotation>
              <Annotation>
                <Name>http://schemas.microsoft.com/DataWarehouse/Designer/1.0:DiagramViewPortTop</Name>
                <Value>-2392</Value>
              </Annotation>
              <Annotation>
                <Name>http://schemas.microsoft.com/DataWarehouse/Designer/1.0:DiagramBoundingLeft</Name>
                <Value>20</Value>
              </Annotation>
              <Annotation>
                <Name>http://schemas.microsoft.com/DataWarehouse/Designer/1.0:DiagramBoundingTop</Name>
                <Value>0</Value>
              </Annotation>
              <Annotation>
                <Name>http://schemas.microsoft.com/DataWarehouse/Designer/1.0:DiagramZoom</Name>
                <Value>100</Value>
              </Annotation>
            </Annotations><LastProcessed>2023-11-26T03:17:41.733333</LastProcessed><EstimatedSize>193298</EstimatedSize><Source xsi:type="DataSourceViewBinding"><DataSourceViewID>Covid Report</DataSourceViewID></Source><MiningModelID/><Type>Regular</Type><UnknownMember>Visible</UnknownMember><MdxMissingMemberMode>Default</MdxMissingMemberMode><ddl300:StringStoresCompatibilityLevel>1050</ddl300:StringStoresCompatibilityLevel><ddl300:InternalStringStoresCompatibilityLevel>1050</ddl300:InternalStringStoresCompatibilityLevel><ddl300:CurrentStringStoresCompatibilityLevel>1050</ddl300:CurrentStringStoresCompatibilityLevel><ErrorConfiguration><KeyErrorLimit>0</KeyErrorLimit><KeyErrorLogFile/><KeyErrorAction>ConvertToUnknown</KeyErrorAction><KeyErrorLimitAction>StopProcessing</KeyErrorLimitAction><KeyDuplicate>ReportAndStop</KeyDuplicate><KeyNotFound>ReportAndStop</KeyNotFound><NullKeyConvertedToUnknown>IgnoreError</NullKeyConvertedToUnknown><NullKeyNotAllowed>ReportAndStop</NullKeyNotAllowed></ErrorConfiguration><StorageMode>Molap</StorageMode><CurrentStorageMode>Molap</CurrentStorageMode><ProcessingPriority>0</ProcessingPriority><WriteEnabled>false</WriteEnabled><DependsOnDimensionID/><Language>1033</Language><Collation>Modern_Spanish_CI_AS</Collation><UnknownMemberName>Unknown</UnknownMemberName><ProcessingMode>Regular</ProcessingMode><OrderByKey>false</OrderByKey><AttributeAllMemberName/><ProactiveCaching><SilenceInterval>-PT1S</SilenceInterval><Latency>-PT1S</Latency><SilenceOverrideInterval>-PT1S</SilenceOverrideInterval><ForceRebuildInterval>-PT1S</ForceRebuildInterval><Enabled>false</Enabled><AggregationStorage>Regular</AggregationStorage><OnlineMode>Immediate</OnlineMode><Source xsi:type="ProactiveCachingInheritedBinding"><NotificationTechnique>Client</NotificationTechnique></Source></ProactiveCaching><UnknownMemberTranslations/><AttributeAllMemberTranslations/><Translations/><Attributes><Attribute><Name>Date Key</Name><ID>Date Key</ID><Description/><Type>Regular</Type><Usage>Key</Usage><EstimatedCount>0</EstimatedCount><DiscretizationMethod>None</DiscretizationMethod><DiscretizationBucketCount>0</DiscretizationBucketCount><OrderBy>Key</OrderBy><InstanceSelection>None</InstanceSelection><DefaultMember/><OrderByAttributeID/><NamingTemplate/><MembersWithData>NonLeafDataVisible</MembersWithData><MembersWithDataCaption/><MemberNamesUnique>false</MemberNamesUnique><KeyUniquenessGuarantee>false</KeyUniquenessGuarantee><IsAggregatable>true</IsAggregatable><AttributeHierarchyEnabled>true</AttributeHierarchyEnabled><AttributeHierarchyVisible>true</AttributeHierarchyVisible><AttributeHierarchyOrdered>true</AttributeHierarchyOrdered><AttributeHierarchyOptimizedState>FullyOptimized</AttributeHierarchyOptimizedState><AttributeHierarchyDisplayFolder/><GroupingBehavior>EncourageGrouping</GroupingBehavior><KeyColumns><KeyColumn><DataType>Integer</DataType><DataSize>0</DataSize><NullProcessing>UnknownMember</NullProcessing><Collation/><Format/><Source xsi:type="ColumnBinding"><TableID>dbo_Dim_Date</TableID><ColumnID>DateKey</ColumnID></Source></KeyColumn></KeyColumns><NameColumn><DataType>WChar</DataType><DataSize>0</DataSize><NullProcessing>ZeroOrBlank</NullProcessing><Collation/><Format/><Source xsi:type="ColumnBinding"><TableID>dbo_Dim_Date</TableID><ColumnID>DateKey</ColumnID></Source></NameColumn><Translations/><NamingTemplateTranslations/><AttributeRelationships><AttributeRelationship><AttributeID>Date</AttributeID><Name>Date</Name><RelationshipType>Flexible</RelationshipType><Cardinality>Many</Cardinality><Optionality>Mandatory</Optionality><OverrideBehavior>Strong</OverrideBehavior><Translations/></AttributeRelationship><AttributeRelationship><AttributeID>Year</AttributeID><Name>Year</Name><RelationshipType>Flexible</RelationshipType><Cardinality>Many</Cardinality><Optionality>Mandatory</Optionality><OverrideBehavior>Strong</OverrideBehavior><Translations/></AttributeRelationship><AttributeRelationship><AttributeID>Quarter</AttributeID><Name>Quarter</Name><RelationshipType>Flexible</RelationshipType><Cardinality>Many</Cardinality><Optionality>Mandatory</Optionality><OverrideBehavior>Strong</OverrideBehavior><Translations/></AttributeRelationship><AttributeRelationship><AttributeID>Month</AttributeID><Name>Month</Name><RelationshipType>Flexible</RelationshipType><Cardinality>Many</Cardinality><Optionality>Mandatory</Optionality><OverrideBehavior>Strong</OverrideBehavior><Translations/></AttributeRelationship><AttributeRelationship><AttributeID>Week</AttributeID><Name>Week</Name><RelationshipType>Flexible</RelationshipType><Cardinality>Many</Cardinality><Optionality>Mandatory</Optionality><OverrideBehavior>Strong</OverrideBehavior><Translations/></AttributeRelationship><AttributeRelationship><AttributeID>Day Of Week</AttributeID><Name>Day Of Week</Name><RelationshipType>Flexible</RelationshipType><Cardinality>Many</Cardinality><Optionality>Mandatory</Optionality><OverrideBehavior>Strong</OverrideBehavior><Translations/></AttributeRelationship></AttributeRelationships></Attribute><Attribute><Name>Date</Name><ID>Date</ID><Description/><Type>Regular</Type><Usage>Regular</Usage><EstimatedCount>0</EstimatedCount><DiscretizationMethod>None</DiscretizationMethod><DiscretizationBucketCount>0</DiscretizationBucketCount><OrderBy>Key</OrderBy><InstanceSelection>None</InstanceSelection><DefaultMember/><OrderByAttributeID/><NamingTemplate/><MembersWithData>NonLeafDataVisible</MembersWithData><MembersWithDataCaption/><MemberNamesUnique>false</MemberNamesUnique><KeyUniquenessGuarantee>false</KeyUniquenessGuarantee><IsAggregatable>true</IsAggregatable><AttributeHierarchyEnabled>true</AttributeHierarchyEnabled><AttributeHierarchyVisible>true</AttributeHierarchyVisible><AttributeHierarchyOrdered>true</AttributeHierarchyOrdered><AttributeHierarchyOptimizedState>FullyOptimized</AttributeHierarchyOptimizedState><AttributeHierarchyDisplayFolder/><GroupingBehavior>EncourageGrouping</GroupingBehavior><KeyColumns><KeyColumn><DataType>WChar</DataType><DataSize>10</DataSize><NullProcessing>Automatic</NullProcessing><Collation/><Format/><Source xsi:type="ColumnBinding"><TableID>dbo_Dim_Date</TableID><ColumnID>Date</ColumnID></Source></KeyColumn></KeyColumns><NameColumn><DataType>WChar</DataType><DataSize>10</DataSize><NullProcessing>Automatic</NullProcessing><Collation/><Format/><Source xsi:type="ColumnBinding"><TableID>dbo_Dim_Date</TableID><ColumnID>Date</ColumnID></Source></NameColumn><Translations/><NamingTemplateTranslations/><AttributeRelationships/></Attribute><Attribute><Name>Year</Name><ID>Year</ID><Description/><Type>Regular</Type><Usage>Regular</Usage><EstimatedCount>0</EstimatedCount><DiscretizationMethod>None</DiscretizationMethod><DiscretizationBucketCount>0</DiscretizationBucketCount><OrderBy>Key</OrderBy><InstanceSelection>None</InstanceSelection><DefaultMember/><OrderByAttributeID/><NamingTemplate/><MembersWithData>NonLeafDataVisible</MembersWithData><MembersWithDataCaption/><MemberNamesUnique>false</MemberNamesUnique><KeyUniquenessGuarantee>false</KeyUniquenessGuarantee><IsAggregatable>true</IsAggregatable><AttributeHierarchyEnabled>true</AttributeHierarchyEnabled><AttributeHierarchyVisible>true</AttributeHierarchyVisible><AttributeHierarchyOrdered>true</AttributeHierarchyOrdered><AttributeHierarchyOptimizedState>FullyOptimized</AttributeHierarchyOptimizedState><AttributeHierarchyDisplayFolder/><GroupingBehavior>EncourageGrouping</GroupingBehavior><KeyColumns><KeyColumn><DataType>Integer</DataType><DataSize>0</DataSize><NullProcessing>Automatic</NullProcessing><Collation/><Format/><Source xsi:type="ColumnBinding"><TableID>dbo_Dim_Date</TableID><ColumnID>Year</ColumnID></Source></KeyColumn></KeyColumns><NameColumn><DataType>WChar</DataType><DataSize>0</DataSize><NullProcessing>Automatic</NullProcessing><Collation/><Format/><Source xsi:type="ColumnBinding"><TableID>dbo_Dim_Date</TableID><ColumnID>Year</ColumnID></Source></NameColumn><Translations/><NamingTemplateTranslations/><AttributeRelationships/></Attribute><Attribute><Name>Quarter</Name><ID>Quarter</ID><Description/><Type>Regular</Type><Usage>Regular</Usage><EstimatedCount>0</EstimatedCount><DiscretizationMethod>None</DiscretizationMethod><DiscretizationBucketCount>0</DiscretizationBucketCount><OrderBy>Key</OrderBy><InstanceSelection>None</InstanceSelection><DefaultMember/><OrderByAttributeID/><NamingTemplate/><MembersWithData>NonLeafDataVisible</MembersWithData><MembersWithDataCaption/><MemberNamesUnique>false</MemberNamesUnique><KeyUniquenessGuarantee>false</KeyUniquenessGuarantee><IsAggregatable>true</IsAggregatable><AttributeHierarchyEnabled>true</AttributeHierarchyEnabled><AttributeHierarchyVisible>true</AttributeHierarchyVisible><AttributeHierarchyOrdered>true</AttributeHierarchyOrdered><AttributeHierarchyOptimizedState>FullyOptimized</AttributeHierarchyOptimizedState><AttributeHierarchyDisplayFolder/><GroupingBehavior>EncourageGrouping</GroupingBehavior><KeyColumns><KeyColumn><DataType>Integer</DataType><DataSize>0</DataSize><NullProcessing>Automatic</NullProcessing><Collation/><Format/><Source xsi:type="ColumnBinding"><TableID>dbo_Dim_Date</TableID><ColumnID>Quarter</ColumnID></Source></KeyColumn></KeyColumns><NameColumn><DataType>WChar</DataType><DataSize>0</DataSize><NullProcessing>Automatic</NullProcessing><Collation/><Format/><Source xsi:type="ColumnBinding"><TableID>dbo_Dim_Date</TableID><ColumnID>Quarter</ColumnID></Source></NameColumn><Translations/><NamingTemplateTranslations/><AttributeRelationships/></Attribute><Attribute><Name>Month</Name><ID>Month</ID><Description/><Type>Regular</Type><Usage>Regular</Usage><EstimatedCount>0</EstimatedCount><DiscretizationMethod>None</DiscretizationMethod><DiscretizationBucketCount>0</DiscretizationBucketCount><OrderBy>Key</OrderBy><InstanceSelection>None</InstanceSelection><DefaultMember/><OrderByAttributeID/><NamingTemplate/><MembersWithData>NonLeafDataVisible</MembersWithData><MembersWithDataCaption/><MemberNamesUnique>false</MemberNamesUnique><KeyUniquenessGuarantee>false</KeyUniquenessGuarantee><IsAggregatable>true</IsAggregatable><AttributeHierarchyEnabled>true</AttributeHierarchyEnabled><AttributeHierarchyVisible>true</AttributeHierarchyVisible><AttributeHierarchyOrdered>true</AttributeHierarchyOrdered><AttributeHierarchyOptimizedState>FullyOptimized</AttributeHierarchyOptimizedState><AttributeHierarchyDisplayFolder/><GroupingBehavior>EncourageGrouping</GroupingBehavior><KeyColumns><KeyColumn><DataType>Integer</DataType><DataSize>0</DataSize><NullProcessing>Automatic</NullProcessing><Collation/><Format/><Source xsi:type="ColumnBinding"><TableID>dbo_Dim_Date</TableID><ColumnID>Month</ColumnID></Source></KeyColumn></KeyColumns><NameColumn><DataType>WChar</DataType><DataSize>0</DataSize><NullProcessing>Automatic</NullProcessing><Collation/><Format/><Source xsi:type="ColumnBinding"><TableID>dbo_Dim_Date</TableID><ColumnID>Month</ColumnID></Source></NameColumn><Translations/><NamingTemplateTranslations/><AttributeRelationships/></Attribute><Attribute><Name>Week</Name><ID>Week</ID><Description/><Type>Regular</Type><Usage>Regular</Usage><EstimatedCount>0</EstimatedCount><DiscretizationMethod>None</DiscretizationMethod><DiscretizationBucketCount>0</DiscretizationBucketCount><OrderBy>Key</OrderBy><InstanceSelection>None</InstanceSelection><DefaultMember/><OrderByAttributeID/><NamingTemplate/><MembersWithData>NonLeafDataVisible</MembersWithData><MembersWithDataCaption/><MemberNamesUnique>false</MemberNamesUnique><KeyUniquenessGuarantee>false</KeyUniquenessGuarantee><IsAggregatable>true</IsAggregatable><AttributeHierarchyEnabled>true</AttributeHierarchyEnabled><AttributeHierarchyVisible>true</AttributeHierarchyVisible><AttributeHierarchyOrdered>true</AttributeHierarchyOrdered><AttributeHierarchyOptimizedState>FullyOptimized</AttributeHierarchyOptimizedState><AttributeHierarchyDisplayFolder/><GroupingBehavior>EncourageGrouping</GroupingBehavior><KeyColumns><KeyColumn><DataType>Integer</DataType><DataSize>0</DataSize><NullProcessing>Automatic</NullProcessing><Collation/><Format/><Source xsi:type="ColumnBinding"><TableID>dbo_Dim_Date</TableID><ColumnID>Week</ColumnID></Source></KeyColumn></KeyColumns><NameColumn><DataType>WChar</DataType><DataSize>0</DataSize><NullProcessing>Automatic</NullProcessing><Collation/><Format/><Source xsi:type="ColumnBinding"><TableID>dbo_Dim_Date</TableID><ColumnID>Week</ColumnID></Source></NameColumn><Translations/><NamingTemplateTranslations/><AttributeRelationships/></Attribute><Attribute><Name>Day Of Week</Name><ID>Day Of Week</ID><Description/><Type>Regular</Type><Usage>Regular</Usage><EstimatedCount>0</EstimatedCount><DiscretizationMethod>None</DiscretizationMethod><DiscretizationBucketCount>0</DiscretizationBucketCount><OrderBy>Key</OrderBy><InstanceSelection>None</InstanceSelection><DefaultMember/><OrderByAttributeID/><NamingTemplate/><MembersWithData>NonLeafDataVisible</MembersWithData><MembersWithDataCaption/><MemberNamesUnique>false</MemberNamesUnique><KeyUniquenessGuarantee>false</KeyUniquenessGuarantee><IsAggregatable>true</IsAggregatable><AttributeHierarchyEnabled>true</AttributeHierarchyEnabled><AttributeHierarchyVisible>true</AttributeHierarchyVisible><AttributeHierarchyOrdered>true</AttributeHierarchyOrdered><AttributeHierarchyOptimizedState>FullyOptimized</AttributeHierarchyOptimizedState><AttributeHierarchyDisplayFolder/><GroupingBehavior>EncourageGrouping</GroupingBehavior><KeyColumns><KeyColumn><DataType>Integer</DataType><DataSize>0</DataSize><NullProcessing>Automatic</NullProcessing><Collation/><Format/><Source xsi:type="ColumnBinding"><TableID>dbo_Dim_Date</TableID><ColumnID>DayOfWeek</ColumnID></Source></KeyColumn></KeyColumns><NameColumn><DataType>WChar</DataType><DataSize>0</DataSize><NullProcessing>Automatic</NullProcessing><Collation/><Format/><Source xsi:type="ColumnBinding"><TableID>dbo_Dim_Date</TableID><ColumnID>DayOfWeek</ColumnID></Source></NameColumn><Translations/><NamingTemplateTranslations/><AttributeRelationships/></Attribute></Attributes><Hierarchies/><StructureVersion>0</StructureVersion><DataIDVersion>1</DataIDVersion><IncDataIDVersion>1</IncDataIDVersion><CacheVersion>1</CacheVersion><DataVersion>1</DataVersion><LastBindingChange>1601-01-01T00:00:00</LastBindingChange><PermissionFileList/></Dimension></ObjectDefinition></Load>