<Load xmlns="http://schemas.microsoft.com/analysisservices/2003/engine" xmlns:ddl2="http://schemas.microsoft.com/analysisservices/2003/engine/2" xmlns:ddl2_2="http://schemas.microsoft.com/analysisservices/2003/engine/2/2" xmlns:ddl100="http://schemas.microsoft.com/analysisservices/2008/engine/100" xmlns:ddl100_100="http://schemas.microsoft.com/analysisservices/2008/engine/100/100" xmlns:ddl200="http://schemas.microsoft.com/analysisservices/2010/engine/200" xmlns:ddl200_200="http://schemas.microsoft.com/analysisservices/2010/engine/200/200" xmlns:ddl300="http://schemas.microsoft.com/analysisservices/2011/engine/300" xmlns:ddl300_300="http://schemas.microsoft.com/analysisservices/2011/engine/300/300" xmlns:ddl400="http://schemas.microsoft.com/analysisservices/2012/engine/400" xmlns:ddl400_400="http://schemas.microsoft.com/analysisservices/2012/engine/400/400" xmlns:ddl410="http://schemas.microsoft.com/analysisservices/2012/engine/410" xmlns:ddl410_410="http://schemas.microsoft.com/analysisservices/2012/engine/410/410" xmlns:ddl500="http://schemas.microsoft.com/analysisservices/2013/engine/500" xmlns:ddl500_500="http://schemas.microsoft.com/analysisservices/2013/engine/500/500" xmlns:ddl600="http://schemas.microsoft.com/analysisservices/2013/engine/600" xmlns:ddl600_600="http://schemas.microsoft.com/analysisservices/2013/engine/600/600" xmlns:ddl700="http://schemas.microsoft.com/analysisservices/2018/engine/700" xmlns:ddl700_700="http://schemas.microsoft.com/analysisservices/2018/engine/700/700" xmlns:ddl800="http://schemas.microsoft.com/analysisservices/2018/engine/800" xmlns:ddl800_800="http://schemas.microsoft.com/analysisservices/2018/engine/800/800" xmlns:ddl900="http://schemas.microsoft.com/analysisservices/2019/engine/900" xmlns:ddl900_900="http://schemas.microsoft.com/analysisservices/2019/engine/900/900" xmlns:ddl910="http://schemas.microsoft.com/analysisservices/2020/engine/910" xmlns:ddl910_910="http://schemas.microsoft.com/analysisservices/2020/engine/910/910" xmlns:ddl920="http://schemas.microsoft.com/analysisservices/2020/engine/920" xmlns:ddl920_920="http://schemas.microsoft.com/analysisservices/2020/engine/920/920" xmlns:ddl921="http://schemas.microsoft.com/analysisservices/2021/engine/921" xmlns:ddl921_921="http://schemas.microsoft.com/analysisservices/2021/engine/921/921" xmlns:xsd="http://www.w3.org/2001/XMLSchema" xmlns:xsi="http://www.w3.org/2001/XMLSchema-instance"><ParentObject><DatabaseID>RegionMobility_OLAP</DatabaseID></ParentObject><ObjectDefinition><Dimension><Name>Dim Location</Name><ID>Dim Location</ID><CreatedTimestamp>2023-11-26T03:17:38.936667</CreatedTimestamp><LastSchemaUpdate>2023-11-26T03:17:56.036667</LastSchemaUpdate><ObjectVersion>2</ObjectVersion><ObjectID>46559EC9-773D-4FC6-8080-3E9E1974EBF0</ObjectID><Ordinal>4</Ordinal><PersistLocation>0</PersistLocation><System>false</System><DataFileList>1.Sub Region1.ksstore;1.Place ID.Place ID.ostore;1.Metro Area.(All).dstore;1.Country Region Code.Location Key.dstore;1.Country Region Code.bsstore;1.Country Region.ksstore;1.Census Fips Code.bstore;1.Sub Region1.Sub Region1.sstore;1.Country Region.astore;1.Sub Region2.astore;1.ISO3166 2 Code.kstore;1.Location Key.(All).sstore;1.Metro Area.(All).ostore;1.Place ID.(All).sstore;1.ISO3166 2 Code.fact.data.hdr;1.Location Key.Country Region.fact.map;1.ISO3166 2 Code.ahstore;1.Country Region.ksstoreidx;1.Census Fips Code.ahstore;1.Country Region.Country Region.dstore;1.(All).fact.data;1.Country Region.asstoreidx;1.(All).kstore;1.Sub Region1.astore;1.Sub Region1.(All).lstore;1.Country Region.(All).dstore;1.Location Key.Place ID.fact.map;1.Place ID.bstore;1.ISO3166 2 Code.ISO3166 2 Code.fact.map.hdr;1.Country Region.bsstore;1.ISO3166 2 Code.asstore;1.Sub Region1.(All).dstore;1.Census Fips Code.asstore;1.Place ID.bsstore;1.Country Region.Country Region.ostore;1.Country Region Code.Country Region Code.fact.map.hdr;1.Country Region Code.fact.data;1.Metro Area.bsstoreidx;1.Location Key.Sub Region1.fact.map;1.Census Fips Code.Census Fips Code.fact.map.hdr;1.(All).fact.data.hdr;1.Metro Area.ahstore;1.Country Region.(All).ostore;1.(All).khstore;1.Census Fips Code.hstore;1.Census Fips Code.fact.data;1.Location Key.ahstore;1.Sub Region1.(All).ostore;1.Metro Area.Metro Area.sstore;1.Sub Region2.ahstore;1.Census Fips Code.ksstoreidx;1.Census Fips Code.asstoreidx;1.ISO3166 2 Code.ISO3166 2 Code.sstore;1.Country Region Code.bstore;1.Location Key.Location Key.sstore;1.Location Key.ISO3166 2 Code.fact.map.hdr;1.Metro Area.asstore;1.Location Key.Metro Area.fact.map;1.(All).ksstore;1.Country Region.bsstoreidx;1.Census Fips Code.Location Key.dstore;1.Location Key.asstore;1.Location Key.fact.data;1.Metro Area.hstore;1.ISO3166 2 Code.astore;1.ISO3166 2 Code.fact.data;1.ISO3166 2 Code.(All).lstore;1.Census Fips Code.(All).sstore;1.Sub Region2.asstore;1.ISO3166 2 Code.khstore;1.Census Fips Code.kstore;1.Location Key.astore;1.Census Fips Code.khstore;1.Sub Region2.(All).lstore;1.ISO3166 2 Code.(All).dstore;1.Location Key.Sub Region1.fact.map.hdr;1.Country Region Code.ksstoreidx;1.Country Region Code.asstoreidx;1.Place ID.hstore;1.Country Region Code.Country Region Code.fact.map;1.Country Region.bstore;1.Country Region Code.(All).sstore;1.Sub Region2.Sub Region2.sstore;1.Sub Region2.(All).dstore;1.Location Key.Sub Region2.fact.map;1.Sub Region1.fact.data;1.Sub Region2.bstore;1.Sub Region1.Sub Region1.lstore;1.Sub Region2.Sub Region2.fact.map;1.ISO3166 2 Code.ksstore;1.Country Region Code.Country Region Code.sstore;1.Country Region.Country Region.fact.map;1.(All).astore;1.Metro Area.kstore;1.Census Fips Code.ksstore;1.ISO3166 2 Code.(All).ostore;1.Sub Region1.Sub Region1.dstore;1.Sub Region2.Location Key.dstore;1.Location Key.Census Fips Code.fact.map.hdr;1.Sub Region1.Sub Region1.fact.map;1.Location Key.(All).lstore;1.Place ID.Place ID.sstore;1.Location Key.ksstoreidx;1.Location Key.asstoreidx;1.Sub Region2.ksstoreidx;1.Metro Area.khstore;1.Census Fips Code.bsstoreidx;1.Sub Region2.(All).ostore;1.Place ID.(All).lstore;1.Sub Region2.asstoreidx;1.Location Key.(All).dstore;1.Location Key.Location Key.fact.map;1.(All).bsstore;1.Location Key.khstore;1.Country Region Code.ahstore;1.Country Region Code.hstore;1.Sub Region2.khstore;1.Place ID.kstore;1.Place ID.(All).dstore;1.Census Fips Code.Census Fips Code.fact.map;1.(All).ksstoreidx;1.Sub Region1.bstore;1.Sub Region2.fact.data;1.Metro Area.fact.data.hdr;1.Sub Region1.Sub Region1.ostore;1.(All).asstoreidx;1.Sub Region1.fact.data.hdr;1.Place ID.fact.data;1.Metro Area.(All).sstore;1.Census Fips Code.Census Fips Code.sstore;1.Location Key.Country Region Code.fact.map.hdr;1.Location Key.Metro Area.fact.map.hdr;1.Sub Region1.Sub Region1.fact.map.hdr;1.Metro Area.ksstore;1.Sub Region1.ksstoreidx;1.Sub Region2.fact.data.hdr;1.Location Key.(All).ostore;1.Location Key.Census Fips Code.fact.map;1.Location Key.ksstore;1.Country Region Code.asstore;1.Country Region Code.bsstoreidx;1.Sub Region1.asstoreidx;1.Sub Region2.ksstore;1.Place ID.(All).ostore;1.Metro Area.Location Key.dstore;1.Location Key.Location Key.fact.map.hdr;1.Location Key.Sub Region2.fact.map.hdr;1.Country Region.Country Region.fact.map.hdr;1.ISO3166 2 Code.bsstore;1.Census Fips Code.bsstore;1.Country Region Code.kstore;1.Country Region.hstore;1.Sub Region2.hstore;1.Country Region Code.fact.data.hdr;1.Sub Region1.ahstore;1.Census Fips Code.astore;1.Metro Area.Metro Area.lstore;1.Location Key.ISO3166 2 Code.fact.map;1.Place ID.Place ID.fact.map;1.Location Key.bsstoreidx;1.Location Key.fact.data.hdr;1.Country Region.ahstore;1.Country Region.Country Region.sstore;1.ISO3166 2 Code.ISO3166 2 Code.lstore;1.Sub Region2.bsstoreidx;1.Census Fips Code.fact.data.hdr;1.Place ID.ahstore;1.Location Key.Location Key.lstore;1.Sub Region1.Location Key.dstore;1.Metro Area.Metro Area.dstore;1.Location Key.Country Region Code.fact.map;1.ISO3166 2 Code.bstore;1.Country Region.(All).sstore;1.Sub Region2.Sub Region2.fact.map.hdr;1.(All).bsstoreidx;1.Sub Region1.asstore;1.Metro Area.bsstore;1.ISO3166 2 Code.ISO3166 2 Code.dstore;1.Location Key.bstore;1.Country Region.kstore;1.Sub Region1.hstore;1.Sub Region2.kstore;1.Metro Area.astore;1.Sub Region1.(All).sstore;1.Census Fips Code.(All).lstore;1.Location Key.Location Key.dstore;1.Location Key.bsstore;1.Country Region Code.khstore;1.Country Region.asstore;1.Place ID.ksstoreidx;1.Place ID.asstoreidx;1.Sub Region1.bsstoreidx;1.Sub Region2.bsstore;1.Place ID.asstore;1.Metro Area.Metro Area.ostore;1.Census Fips Code.(All).dstore;1.Metro Area.fact.data;1.Place ID.astore;1.Place ID.Location Key.dstore;1.(All).bstore;1.ISO3166 2 Code.ksstoreidx;1.Country Region Code.(All).lstore;1.Sub Region2.Sub Region2.lstore;1.ISO3166 2 Code.ISO3166 2 Code.ostore;1.Country Region.Location Key.dstore;1.Metro Area.Metro Area.fact.map.hdr;1.ISO3166 2 Code.asstoreidx;1.Place ID.fact.data.hdr;1.Location Key.Location Key.ostore;1.Country Region Code.ksstore;1.Country Region.fact.data;1.Country Region Code.Country Region Code.lstore;1.Country Region Code.(All).dstore;1.Sub Region2.Sub Region2.dstore;1.Sub Region1.kstore;1.Census Fips Code.(All).ostore;1.Place ID.Place ID.lstore;1.Country Region Code.Country Region Code.dstore;1.ISO3166 2 Code.Location Key.dstore;1.Sub Region1.khstore;1.Place ID.Place ID.dstore;1.Location Key.Place ID.fact.map.hdr;1.Country Region Code.astore;1.Country Region Code.(All).ostore;1.Sub Region2.Sub Region2.ostore;1.Country Region.khstore;1.ISO3166 2 Code.hstore;1.ISO3166 2 Code.(All).sstore;1.ISO3166 2 Code.ISO3166 2 Code.fact.map;1.Place ID.khstore;1.Country Region Code.Country Region Code.ostore;1.Metro Area.(All).lstore;1.Census Fips Code.Census Fips Code.lstore;1.Location Key.hstore;1.Place ID.bsstoreidx;1.Sub Region2.(All).sstore;1.Census Fips Code.Census Fips Code.dstore;1.(All).ahstore;1.Metro Area.ksstoreidx;1.Metro Area.asstoreidx;1.ISO3166 2 Code.bsstoreidx;1.Place ID.ksstore;1.(All).hstore;1.Country Region.fact.data.hdr;1.Census Fips Code.Census Fips Code.ostore;1.(All).asstore;1.Location Key.kstore;1.Location Key.Country Region.fact.map.hdr;1.Country Region.Country Region.lstore;1.Place ID.Place ID.fact.map.hdr;1.Metro Area.bstore;1.Country Region.(All).lstore;1.Sub Region1.bsstore;1.Metro Area.Metro Area.fact.map</DataFileList><Description/><Annotations xmlns:ddl500_500="http://schemas.microsoft.com/analysisservices/2013/engine/500/500" xmlns:ddl500="http://schemas.microsoft.com/analysisservices/2013/engine/500" xmlns:ddl400_400="http://schemas.microsoft.com/analysisservices/2012/engine/400/400" xmlns:ddl400="http://schemas.microsoft.com/analysisservices/2012/engine/400" xmlns:ddl300_300="http://schemas.microsoft.com/analysisservices/2011/engine/300/300" xmlns:ddl300="http://schemas.microsoft.com/analysisservices/2011/engine/300" xmlns:ddl200_200="http://schemas.microsoft.com/analysisservices/2010/engine/200/200" xmlns:ddl200="http://schemas.microsoft.com/analysisservices/2010/engine/200" xmlns:ddl100_100="http://schemas.microsoft.com/analysisservices/2008/engine/100/100" xmlns:ddl2_2="http://schemas.microsoft.com/analysisservices/2003/engine/2/2" xmlns:ddl2="http://schemas.microsoft.com/analysisservices/2003/engine/2" xmlns:xsi="http://www.w3.org/2001/XMLSchema-instance" xmlns:xsd="http://www.w3.org/2001/XMLSchema" xmlns="http://schemas.microsoft.com/analysisservices/2003/engine">
              <Annotation>
                <Name>http://schemas.microsoft.com/DataWarehouse/Designer/1.0:DiagramLayout</Name>
                <Value>
                  <dds xmlns="">
                    <diagram fontclsid="{0BE35203-8F91-11CE-9DE3-00AA004BB851}" mouseiconclsid="{0BE35204-8F91-11CE-9DE3-00AA004BB851}" defaultlayout="MSDDS.Rectilinear" defaultlineroute="MSDDS.Rectilinear" version="7" nextobject="2" scale="100" pagebreakanchorx="0" pagebreakanchory="0" pagebreaksizex="0" pagebreaksizey="0" scrollleft="-1482" scrolltop="-2032" gridx="150" gridy="150" marginx="5000" marginy="5000" zoom="100" x="6773" y="8170" backcolor="2434342" defaultpersistence="2" PrintPageNumbersMode="3" PrintMarginTop="0" PrintMarginBottom="635" PrintMarginLeft="0" PrintMarginRight="0" marqueeselectionmode="0" mousepointer="0" snaptogrid="0" autotypeannotation="1" showscrollbars="0" viewpagebreaks="0" donotforceconnectorsbehindshapes="1" backpictureclsid="{00000000-0000-0000-0000-000000000000}">
                      <font>
                        <ddsxmlobjectstreamwrapper binary="010000009001b0300100065461686f6d61"/>
                      </font>
                      <mouseicon>
                        <ddsxmlobjectstreamwrapper binary="6c74000000000000"/>
                      </mouseicon>
                    </diagram>
                    <layoutmanager>
                      <ddsxmlobj/>
                    </layoutmanager>
                    <ddscontrol controlprogid="DdsShapes.DdsObjectManagedBridge" tooltip="Dim_Location" left="20" top="0" logicalid="1" controlid="1" masterid="0" hint1="0" hint2="0" width="3768" height="4106" noresize="0" nomove="0" nodefaultattachpoints="0" autodrag="1" usedefaultiddshape="1" selectable="1" showselectionhandles="1" allownudging="1" isannotation="0" dontautolayout="0" groupcollapsed="0" tabstop="1" visible="1" snaptogrid="0">
                      <control>
                        <ddsxmlobjectstreaminitwrapper binary="000e0000b80e00000a100000"/>
                      </control>
                      <layoutobject>
                        <ddsxmlobj>
                          <property name="LogicalObject" value="dbo_Dim_Location" vartype="8"/>
                        </ddsxmlobj>
                      </layoutobject>
                      <shape groupshapeid="0" groupnode="0"/>
                    </ddscontrol>
                  </dds>
                </Value>
              </Annotation>
              <Annotation>
                <Name>http://schemas.microsoft.com/DataWarehouse/Designer/1.0:ShowFriendlyNames</Name>
                <Value>true</Value>
              </Annotation>
              <Annotation>
                <Name>http://schemas.microsoft.com/DataWarehouse/Designer/1.0:ShowRelationshipNames</Name>
                <Value>false</Value>
              </Annotation>
              <Annotation>
                <Name>http://schemas.microsoft.com/DataWarehouse/Designer/1.0:UseDiagramDefaultLayout</Name>
                <Value>true</Value>
              </Annotation>
              <Annotation>
                <Name>http://schemas.microsoft.com/DataWarehouse/Designer/1.0:DiagramViewPortLeft</Name>
                <Value>-1482</Value>
              </Annotation>
              <Annotation>
                <Name>http://schemas.microsoft.com/DataWarehouse/Designer/1.0:DiagramViewPortTop</Name>
                <Value>-2032</Value>
              </Annotation>
              <Annotation>
                <Name>http://schemas.microsoft.com/DataWarehouse/Designer/1.0:DiagramBoundingLeft</Name>
                <Value>20</Value>
              </Annotation>
              <Annotation>
                <Name>http://schemas.microsoft.com/DataWarehouse/Designer/1.0:DiagramBoundingTop</Name>
                <Value>0</Value>
              </Annotation>
              <Annotation>
                <Name>http://schemas.microsoft.com/DataWarehouse/Designer/1.0:DiagramZoom</Name>
                <Value>100</Value>
              </Annotation>
            </Annotations><LastProcessed>2023-11-26T03:17:41.753333</LastProcessed><EstimatedSize>172396</EstimatedSize><Source xsi:type="DataSourceViewBinding"><DataSourceViewID>Covid Report</DataSourceViewID></Source><MiningModelID/><Type>Regular</Type><UnknownMember>Visible</UnknownMember><MdxMissingMemberMode>Default</MdxMissingMemberMode><ddl300:StringStoresCompatibilityLevel>1050</ddl300:StringStoresCompatibilityLevel><ddl300:InternalStringStoresCompatibilityLevel>1050</ddl300:InternalStringStoresCompatibilityLevel><ddl300:CurrentStringStoresCompatibilityLevel>1050</ddl300:CurrentStringStoresCompatibilityLevel><ErrorConfiguration><KeyErrorLimit>0</KeyErrorLimit><KeyErrorLogFile/><KeyErrorAction>ConvertToUnknown</KeyErrorAction><KeyErrorLimitAction>StopProcessing</KeyErrorLimitAction><KeyDuplicate>ReportAndStop</KeyDuplicate><KeyNotFound>ReportAndStop</KeyNotFound><NullKeyConvertedToUnknown>IgnoreError</NullKeyConvertedToUnknown><NullKeyNotAllowed>ReportAndStop</NullKeyNotAllowed></ErrorConfiguration><StorageMode>Molap</StorageMode><CurrentStorageMode>Molap</CurrentStorageMode><ProcessingPriority>0</ProcessingPriority><WriteEnabled>false</WriteEnabled><DependsOnDimensionID/><Language>1033</Language><Collation>Modern_Spanish_CI_AS</Collation><UnknownMemberName>Unknown</UnknownMemberName><ProcessingMode>Regular</ProcessingMode><OrderByKey>false</OrderByKey><AttributeAllMemberName/><ProactiveCaching><SilenceInterval>-PT1S</SilenceInterval><Latency>-PT1S</Latency><SilenceOverrideInterval>-PT1S</SilenceOverrideInterval><ForceRebuildInterval>-PT1S</ForceRebuildInterval><Enabled>false</Enabled><AggregationStorage>Regular</AggregationStorage><OnlineMode>Immediate</OnlineMode><Source xsi:type="ProactiveCachingInheritedBinding"><NotificationTechnique>Client</NotificationTechnique></Source></ProactiveCaching><UnknownMemberTranslations/><AttributeAllMemberTranslations/><Translations/><Attributes><Attribute><Name>Location Key</Name><ID>Location Key</ID><Description/><Type>Regular</Type><Usage>Key</Usage><EstimatedCount>0</EstimatedCount><DiscretizationMethod>None</DiscretizationMethod><DiscretizationBucketCount>0</DiscretizationBucketCount><OrderBy>Key</OrderBy><InstanceSelection>None</InstanceSelection><DefaultMember/><OrderByAttributeID/><NamingTemplate/><MembersWithData>NonLeafDataVisible</MembersWithData><MembersWithDataCaption/><MemberNamesUnique>false</MemberNamesUnique><KeyUniquenessGuarantee>false</KeyUniquenessGuarantee><IsAggregatable>true</IsAggregatable><AttributeHierarchyEnabled>true</AttributeHierarchyEnabled><AttributeHierarchyVisible>true</AttributeHierarchyVisible><AttributeHierarchyOrdered>true</AttributeHierarchyOrdered><AttributeHierarchyOptimizedState>FullyOptimized</AttributeHierarchyOptimizedState><AttributeHierarchyDisplayFolder/><GroupingBehavior>EncourageGrouping</GroupingBehavior><KeyColumns><KeyColumn><DataType>Integer</DataType><DataSize>0</DataSize><NullProcessing>UnknownMember</NullProcessing><Collation/><Format/><Source xsi:type="ColumnBinding"><TableID>dbo_Dim_Location</TableID><ColumnID>LocationKey</ColumnID></Source></KeyColumn></KeyColumns><NameColumn><DataType>WChar</DataType><DataSize>0</DataSize><NullProcessing>ZeroOrBlank</NullProcessing><Collation/><Format/><Source xsi:type="ColumnBinding"><TableID>dbo_Dim_Location</TableID><ColumnID>LocationKey</ColumnID></Source></NameColumn><Translations/><NamingTemplateTranslations/><AttributeRelationships><AttributeRelationship><AttributeID>Country Region Code</AttributeID><Name>Country Region Code</Name><RelationshipType>Flexible</RelationshipType><Cardinality>Many</Cardinality><Optionality>Mandatory</Optionality><OverrideBehavior>Strong</OverrideBehavior><Translations/></AttributeRelationship><AttributeRelationship><AttributeID>Country Region</AttributeID><Name>Country Region</Name><RelationshipType>Flexible</RelationshipType><Cardinality>Many</Cardinality><Optionality>Mandatory</Optionality><OverrideBehavior>Strong</OverrideBehavior><Translations/></AttributeRelationship><AttributeRelationship><AttributeID>Sub Region1</AttributeID><Name>Sub Region1</Name><RelationshipType>Flexible</RelationshipType><Cardinality>Many</Cardinality><Optionality>Mandatory</Optionality><OverrideBehavior>Strong</OverrideBehavior><Translations/></AttributeRelationship><AttributeRelationship><AttributeID>Sub Region2</AttributeID><Name>Sub Region2</Name><RelationshipType>Flexible</RelationshipType><Cardinality>Many</Cardinality><Optionality>Mandatory</Optionality><OverrideBehavior>Strong</OverrideBehavior><Translations/></AttributeRelationship><AttributeRelationship><AttributeID>Metro Area</AttributeID><Name>Metro Area</Name><RelationshipType>Flexible</RelationshipType><Cardinality>Many</Cardinality><Optionality>Mandatory</Optionality><OverrideBehavior>Strong</OverrideBehavior><Translations/></AttributeRelationship><AttributeRelationship><AttributeID>ISO3166 2 Code</AttributeID><Name>ISO3166 2 Code</Name><RelationshipType>Flexible</RelationshipType><Cardinality>Many</Cardinality><Optionality>Mandatory</Optionality><OverrideBehavior>Strong</OverrideBehavior><Translations/></AttributeRelationship><AttributeRelationship><AttributeID>Census Fips Code</AttributeID><Name>Census Fips Code</Name><RelationshipType>Flexible</RelationshipType><Cardinality>Many</Cardinality><Optionality>Mandatory</Optionality><OverrideBehavior>Strong</OverrideBehavior><Translations/></AttributeRelationship><AttributeRelationship><AttributeID>Place ID</AttributeID><Name>Place ID</Name><RelationshipType>Flexible</RelationshipType><Cardinality>Many</Cardinality><Optionality>Mandatory</Optionality><OverrideBehavior>Strong</OverrideBehavior><Translations/></AttributeRelationship></AttributeRelationships></Attribute><Attribute><Name>Country Region Code</Name><ID>Country Region Code</ID><Description/><Type>Regular</Type><Usage>Regular</Usage><EstimatedCount>0</EstimatedCount><DiscretizationMethod>None</DiscretizationMethod><DiscretizationBucketCount>0</DiscretizationBucketCount><OrderBy>Key</OrderBy><InstanceSelection>None</InstanceSelection><DefaultMember/><OrderByAttributeID/><NamingTemplate/><MembersWithData>NonLeafDataVisible</MembersWithData><MembersWithDataCaption/><MemberNamesUnique>false</MemberNamesUnique><KeyUniquenessGuarantee>false</KeyUniquenessGuarantee><IsAggregatable>true</IsAggregatable><AttributeHierarchyEnabled>true</AttributeHierarchyEnabled><AttributeHierarchyVisible>true</AttributeHierarchyVisible><AttributeHierarchyOrdered>true</AttributeHierarchyOrdered><AttributeHierarchyOptimizedState>FullyOptimized</AttributeHierarchyOptimizedState><AttributeHierarchyDisplayFolder/><GroupingBehavior>EncourageGrouping</GroupingBehavior><KeyColumns><KeyColumn><DataType>WChar</DataType><DataSize>50</DataSize><NullProcessing>Automatic</NullProcessing><Collation/><Format/><Source xsi:type="ColumnBinding"><TableID>dbo_Dim_Location</TableID><ColumnID>CountryRegionCode</ColumnID></Source></KeyColumn></KeyColumns><NameColumn><DataType>WChar</DataType><DataSize>50</DataSize><NullProcessing>Automatic</NullProcessing><Collation/><Format/><Source xsi:type="ColumnBinding"><TableID>dbo_Dim_Location</TableID><ColumnID>CountryRegionCode</ColumnID></Source></NameColumn><Translations/><NamingTemplateTranslations/><AttributeRelationships/></Attribute><Attribute><Name>Country Region</Name><ID>Country Region</ID><Description/><Type>Regular</Type><Usage>Regular</Usage><EstimatedCount>0</EstimatedCount><DiscretizationMethod>None</DiscretizationMethod><DiscretizationBucketCount>0</DiscretizationBucketCount><OrderBy>Key</OrderBy><InstanceSelection>None</InstanceSelection><DefaultMember/><OrderByAttributeID/><NamingTemplate/><MembersWithData>NonLeafDataVisible</MembersWithData><MembersWithDataCaption/><MemberNamesUnique>false</MemberNamesUnique><KeyUniquenessGuarantee>false</KeyUniquenessGuarantee><IsAggregatable>true</IsAggregatable><AttributeHierarchyEnabled>true</AttributeHierarchyEnabled><AttributeHierarchyVisible>true</AttributeHierarchyVisible><AttributeHierarchyOrdered>true</AttributeHierarchyOrdered><AttributeHierarchyOptimizedState>FullyOptimized</AttributeHierarchyOptimizedState><AttributeHierarchyDisplayFolder/><GroupingBehavior>EncourageGrouping</GroupingBehavior><KeyColumns><KeyColumn><DataType>WChar</DataType><DataSize>100</DataSize><NullProcessing>Automatic</NullProcessing><Collation/><Format/><Source xsi:type="ColumnBinding"><TableID>dbo_Dim_Location</TableID><ColumnID>CountryRegion</ColumnID></Source></KeyColumn></KeyColumns><NameColumn><DataType>WChar</DataType><DataSize>100</DataSize><NullProcessing>Automatic</NullProcessing><Collation/><Format/><Source xsi:type="ColumnBinding"><TableID>dbo_Dim_Location</TableID><ColumnID>CountryRegion</ColumnID></Source></NameColumn><Translations/><NamingTemplateTranslations/><AttributeRelationships/></Attribute><Attribute><Name>Sub Region1</Name><ID>Sub Region1</ID><Description/><Type>Regular</Type><Usage>Regular</Usage><EstimatedCount>0</EstimatedCount><DiscretizationMethod>None</DiscretizationMethod><DiscretizationBucketCount>0</DiscretizationBucketCount><OrderBy>Key</OrderBy><InstanceSelection>None</InstanceSelection><DefaultMember/><OrderByAttributeID/><NamingTemplate/><MembersWithData>NonLeafDataVisible</MembersWithData><MembersWithDataCaption/><MemberNamesUnique>false</MemberNamesUnique><KeyUniquenessGuarantee>false</KeyUniquenessGuarantee><IsAggregatable>true</IsAggregatable><AttributeHierarchyEnabled>true</AttributeHierarchyEnabled><AttributeHierarchyVisible>true</AttributeHierarchyVisible><AttributeHierarchyOrdered>true</AttributeHierarchyOrdered><AttributeHierarchyOptimizedState>FullyOptimized</AttributeHierarchyOptimizedState><AttributeHierarchyDisplayFolder/><GroupingBehavior>EncourageGrouping</GroupingBehavior><KeyColumns><KeyColumn><DataType>WChar</DataType><DataSize>100</DataSize><NullProcessing>Automatic</NullProcessing><Collation/><Format/><Source xsi:type="ColumnBinding"><TableID>dbo_Dim_Location</TableID><ColumnID>SubRegion1</ColumnID></Source></KeyColumn></KeyColumns><NameColumn><DataType>WChar</DataType><DataSize>100</DataSize><NullProcessing>Automatic</NullProcessing><Collation/><Format/><Source xsi:type="ColumnBinding"><TableID>dbo_Dim_Location</TableID><ColumnID>SubRegion1</ColumnID></Source></NameColumn><Translations/><NamingTemplateTranslations/><AttributeRelationships/></Attribute><Attribute><Name>Sub Region2</Name><ID>Sub Region2</ID><Description/><Type>Regular</Type><Usage>Regular</Usage><EstimatedCount>0</EstimatedCount><DiscretizationMethod>None</DiscretizationMethod><DiscretizationBucketCount>0</DiscretizationBucketCount><OrderBy>Key</OrderBy><InstanceSelection>None</InstanceSelection><DefaultMember/><OrderByAttributeID/><NamingTemplate/><MembersWithData>NonLeafDataVisible</MembersWithData><MembersWithDataCaption/><MemberNamesUnique>false</MemberNamesUnique><KeyUniquenessGuarantee>false</KeyUniquenessGuarantee><IsAggregatable>true</IsAggregatable><AttributeHierarchyEnabled>true</AttributeHierarchyEnabled><AttributeHierarchyVisible>true</AttributeHierarchyVisible><AttributeHierarchyOrdered>true</AttributeHierarchyOrdered><AttributeHierarchyOptimizedState>FullyOptimized</AttributeHierarchyOptimizedState><AttributeHierarchyDisplayFolder/><GroupingBehavior>EncourageGrouping</GroupingBehavior><KeyColumns><KeyColumn><DataType>WChar</DataType><DataSize>100</DataSize><NullProcessing>Automatic</NullProcessing><Collation/><Format/><Source xsi:type="ColumnBinding"><TableID>dbo_Dim_Location</TableID><ColumnID>SubRegion2</ColumnID></Source></KeyColumn></KeyColumns><NameColumn><DataType>WChar</DataType><DataSize>100</DataSize><NullProcessing>Automatic</NullProcessing><Collation/><Format/><Source xsi:type="ColumnBinding"><TableID>dbo_Dim_Location</TableID><ColumnID>SubRegion2</ColumnID></Source></NameColumn><Translations/><NamingTemplateTranslations/><AttributeRelationships/></Attribute><Attribute><Name>Metro Area</Name><ID>Metro Area</ID><Description/><Type>Regular</Type><Usage>Regular</Usage><EstimatedCount>0</EstimatedCount><DiscretizationMethod>None</DiscretizationMethod><DiscretizationBucketCount>0</DiscretizationBucketCount><OrderBy>Key</OrderBy><InstanceSelection>None</InstanceSelection><DefaultMember/><OrderByAttributeID/><NamingTemplate/><MembersWithData>NonLeafDataVisible</MembersWithData><MembersWithDataCaption/><MemberNamesUnique>false</MemberNamesUnique><KeyUniquenessGuarantee>false</KeyUniquenessGuarantee><IsAggregatable>true</IsAggregatable><AttributeHierarchyEnabled>true</AttributeHierarchyEnabled><AttributeHierarchyVisible>true</AttributeHierarchyVisible><AttributeHierarchyOrdered>true</AttributeHierarchyOrdered><AttributeHierarchyOptimizedState>FullyOptimized</AttributeHierarchyOptimizedState><AttributeHierarchyDisplayFolder/><GroupingBehavior>EncourageGrouping</GroupingBehavior><KeyColumns><KeyColumn><DataType>WChar</DataType><DataSize>100</DataSize><NullProcessing>Automatic</NullProcessing><Collation/><Format/><Source xsi:type="ColumnBinding"><TableID>dbo_Dim_Location</TableID><ColumnID>MetroArea</ColumnID></Source></KeyColumn></KeyColumns><NameColumn><DataType>WChar</DataType><DataSize>100</DataSize><NullProcessing>Automatic</NullProcessing><Collation/><Format/><Source xsi:type="ColumnBinding"><TableID>dbo_Dim_Location</TableID><ColumnID>MetroArea</ColumnID></Source></NameColumn><Translations/><NamingTemplateTranslations/><AttributeRelationships/></Attribute><Attribute><Name>ISO3166 2 Code</Name><ID>ISO3166 2 Code</ID><Description/><Type>Regular</Type><Usage>Regular</Usage><EstimatedCount>0</EstimatedCount><DiscretizationMethod>None</DiscretizationMethod><DiscretizationBucketCount>0</DiscretizationBucketCount><OrderBy>Key</OrderBy><InstanceSelection>None</InstanceSelection><DefaultMember/><OrderByAttributeID/><NamingTemplate/><MembersWithData>NonLeafDataVisible</MembersWithData><MembersWithDataCaption/><MemberNamesUnique>false</MemberNamesUnique><KeyUniquenessGuarantee>false</KeyUniquenessGuarantee><IsAggregatable>true</IsAggregatable><AttributeHierarchyEnabled>true</AttributeHierarchyEnabled><AttributeHierarchyVisible>true</AttributeHierarchyVisible><AttributeHierarchyOrdered>true</AttributeHierarchyOrdered><AttributeHierarchyOptimizedState>FullyOptimized</AttributeHierarchyOptimizedState><AttributeHierarchyDisplayFolder/><GroupingBehavior>EncourageGrouping</GroupingBehavior><KeyColumns><KeyColumn><DataType>WChar</DataType><DataSize>50</DataSize><NullProcessing>Automatic</NullProcessing><Collation/><Format/><Source xsi:type="ColumnBinding"><TableID>dbo_Dim_Location</TableID><ColumnID>ISO3166_2Code</ColumnID></Source></KeyColumn></KeyColumns><NameColumn><DataType>WChar</DataType><DataSize>50</DataSize><NullProcessing>Automatic</NullProcessing><Collation/><Format/><Source xsi:type="ColumnBinding"><TableID>dbo_Dim_Location</TableID><ColumnID>ISO3166_2Code</ColumnID></Source></NameColumn><Translations/><NamingTemplateTranslations/><AttributeRelationships/></Attribute><Attribute><Name>Census Fips Code</Name><ID>Census Fips Code</ID><Description/><Type>Regular</Type><Usage>Regular</Usage><EstimatedCount>0</EstimatedCount><DiscretizationMethod>None</DiscretizationMethod><DiscretizationBucketCount>0</DiscretizationBucketCount><OrderBy>Key</OrderBy><InstanceSelection>None</InstanceSelection><DefaultMember/><OrderByAttributeID/><NamingTemplate/><MembersWithData>NonLeafDataVisible</MembersWithData><MembersWithDataCaption/><MemberNamesUnique>false</MemberNamesUnique><KeyUniquenessGuarantee>false</KeyUniquenessGuarantee><IsAggregatable>true</IsAggregatable><AttributeHierarchyEnabled>true</AttributeHierarchyEnabled><AttributeHierarchyVisible>true</AttributeHierarchyVisible><AttributeHierarchyOrdered>true</AttributeHierarchyOrdered><AttributeHierarchyOptimizedState>FullyOptimized</AttributeHierarchyOptimizedState><AttributeHierarchyDisplayFolder/><GroupingBehavior>EncourageGrouping</GroupingBehavior><KeyColumns><KeyColumn><DataType>WChar</DataType><DataSize>50</DataSize><NullProcessing>Automatic</NullProcessing><Collation/><Format/><Source xsi:type="ColumnBinding"><TableID>dbo_Dim_Location</TableID><ColumnID>CensusFipsCode</ColumnID></Source></KeyColumn></KeyColumns><NameColumn><DataType>WChar</DataType><DataSize>50</DataSize><NullProcessing>Automatic</NullProcessing><Collation/><Format/><Source xsi:type="ColumnBinding"><TableID>dbo_Dim_Location</TableID><ColumnID>CensusFipsCode</ColumnID></Source></NameColumn><Translations/><NamingTemplateTranslations/><AttributeRelationships/></Attribute><Attribute><Name>Place ID</Name><ID>Place ID</ID><Description/><Type>Regular</Type><Usage>Regular</Usage><EstimatedCount>0</EstimatedCount><DiscretizationMethod>None</DiscretizationMethod><DiscretizationBucketCount>0</DiscretizationBucketCount><OrderBy>Key</OrderBy><InstanceSelection>None</InstanceSelection><DefaultMember/><OrderByAttributeID/><NamingTemplate/><MembersWithData>NonLeafDataVisible</MembersWithData><MembersWithDataCaption/><MemberNamesUnique>false</MemberNamesUnique><KeyUniquenessGuarantee>false</KeyUniquenessGuarantee><IsAggregatable>true</IsAggregatable><AttributeHierarchyEnabled>true</AttributeHierarchyEnabled><AttributeHierarchyVisible>true</AttributeHierarchyVisible><AttributeHierarchyOrdered>true</AttributeHierarchyOrdered><AttributeHierarchyOptimizedState>FullyOptimized</AttributeHierarchyOptimizedState><AttributeHierarchyDisplayFolder/><GroupingBehavior>EncourageGrouping</GroupingBehavior><KeyColumns><KeyColumn><DataType>WChar</DataType><DataSize>100</DataSize><NullProcessing>Automatic</NullProcessing><Collation/><Format/><Source xsi:type="ColumnBinding"><TableID>dbo_Dim_Location</TableID><ColumnID>PlaceID</ColumnID></Source></KeyColumn></KeyColumns><NameColumn><DataType>WChar</DataType><DataSize>100</DataSize><NullProcessing>Automatic</NullProcessing><Collation/><Format/><Source xsi:type="ColumnBinding"><TableID>dbo_Dim_Location</TableID><ColumnID>PlaceID</ColumnID></Source></NameColumn><Translations/><NamingTemplateTranslations/><AttributeRelationships/></Attribute></Attributes><Hierarchies/><StructureVersion>0</StructureVersion><DataIDVersion>1</DataIDVersion><IncDataIDVersion>1</IncDataIDVersion><CacheVersion>1</CacheVersion><DataVersion>1</DataVersion><LastBindingChange>1601-01-01T00:00:00</LastBindingChange><PermissionFileList/></Dimension></ObjectDefinition></Load>