<Load xmlns="http://schemas.microsoft.com/analysisservices/2003/engine" xmlns:ddl2="http://schemas.microsoft.com/analysisservices/2003/engine/2" xmlns:ddl2_2="http://schemas.microsoft.com/analysisservices/2003/engine/2/2" xmlns:ddl100="http://schemas.microsoft.com/analysisservices/2008/engine/100" xmlns:ddl100_100="http://schemas.microsoft.com/analysisservices/2008/engine/100/100" xmlns:ddl200="http://schemas.microsoft.com/analysisservices/2010/engine/200" xmlns:ddl200_200="http://schemas.microsoft.com/analysisservices/2010/engine/200/200" xmlns:ddl300="http://schemas.microsoft.com/analysisservices/2011/engine/300" xmlns:ddl300_300="http://schemas.microsoft.com/analysisservices/2011/engine/300/300" xmlns:ddl400="http://schemas.microsoft.com/analysisservices/2012/engine/400" xmlns:ddl400_400="http://schemas.microsoft.com/analysisservices/2012/engine/400/400" xmlns:ddl410="http://schemas.microsoft.com/analysisservices/2012/engine/410" xmlns:ddl410_410="http://schemas.microsoft.com/analysisservices/2012/engine/410/410" xmlns:ddl500="http://schemas.microsoft.com/analysisservices/2013/engine/500" xmlns:ddl500_500="http://schemas.microsoft.com/analysisservices/2013/engine/500/500" xmlns:ddl600="http://schemas.microsoft.com/analysisservices/2013/engine/600" xmlns:ddl600_600="http://schemas.microsoft.com/analysisservices/2013/engine/600/600" xmlns:ddl700="http://schemas.microsoft.com/analysisservices/2018/engine/700" xmlns:ddl700_700="http://schemas.microsoft.com/analysisservices/2018/engine/700/700" xmlns:ddl800="http://schemas.microsoft.com/analysisservices/2018/engine/800" xmlns:ddl800_800="http://schemas.microsoft.com/analysisservices/2018/engine/800/800" xmlns:ddl900="http://schemas.microsoft.com/analysisservices/2019/engine/900" xmlns:ddl900_900="http://schemas.microsoft.com/analysisservices/2019/engine/900/900" xmlns:ddl910="http://schemas.microsoft.com/analysisservices/2020/engine/910" xmlns:ddl910_910="http://schemas.microsoft.com/analysisservices/2020/engine/910/910" xmlns:ddl920="http://schemas.microsoft.com/analysisservices/2020/engine/920" xmlns:ddl920_920="http://schemas.microsoft.com/analysisservices/2020/engine/920/920" xmlns:ddl921="http://schemas.microsoft.com/analysisservices/2021/engine/921" xmlns:ddl921_921="http://schemas.microsoft.com/analysisservices/2021/engine/921/921" xmlns:xsd="http://www.w3.org/2001/XMLSchema" xmlns:xsi="http://www.w3.org/2001/XMLSchema-instance"><ParentObject><DatabaseID>Northwind_OLAP</DatabaseID></ParentObject><ObjectDefinition><Dimension><Name>Dim Product</Name><ID>Dim Product</ID><CreatedTimestamp>2023-11-25T22:34:28.216667</CreatedTimestamp><LastSchemaUpdate>2023-11-25T22:36:44.503333</LastSchemaUpdate><ObjectVersion>2</ObjectVersion><ObjectID>6985B736-F6B2-4501-A00A-D320B449ADD9</ObjectID><Ordinal>11</Ordinal><PersistLocation>0</PersistLocation><System>false</System><DataFileList>1.(All).bstore;1.Product Id.(All).sstore;1.Product Id.Product Category Name.fact.map;1.(All).ahstore;1.Product Category Name.astore;1.Product Category Name.Product Category Name.fact.map.hdr;1.Product Id.hstore;1.(All).asstore;1.(All).bsstoreidx;1.Product Id.bsstoreidx;1.Product Category Name.khstore;1.Product Id.ahstore;1.Product Id.bsstore;1.Product Category Name.hstore;1.Product Category Name.(All).lstore;1.Product Category Name.(All).dstore;1.Product Id.kstore;1.Product Category Name.Product Category Name.lstore;1.(All).hstore;1.Product Category Name.ksstore;1.Product Id.asstore;1.Product Category Name.Product Category Name.dstore;1.Product Category Name.Product Id.dstore;1.Product Category Name.(All).sstore;1.Product Category Name.kstore;1.Product Category Name.(All).ostore;1.Product Category Name.Product Category Name.sstore;1.(All).khstore;1.Product Category Name.ksstoreidx;1.Product Category Name.Product Category Name.ostore;1.(All).kstore;1.Product Category Name.asstoreidx;1.Product Id.Product Id.lstore;1.Product Id.Product Id.dstore;1.Product Id.bstore;1.Product Id.Product Category Name.fact.map.hdr;1.(All).ksstore;1.Product Category Name.ahstore;1.Product Category Name.bsstore;1.Product Id.khstore;1.Product Id.Product Id.fact.map.hdr;1.Product Category Name.fact.data;1.Product Id.(All).lstore;1.Product Id.Product Id.sstore;1.Product Id.Product Id.fact.map;1.(All).ksstoreidx;1.(All).fact.data.hdr;1.Product Id.ksstoreidx;1.Product Id.asstoreidx;1.Product Category Name.bstore;1.Product Id.Product Id.ostore;1.(All).asstoreidx;1.Product Id.(All).dstore;1.Product Id.ksstore;1.Product Category Name.asstore;1.(All).fact.data;1.Product Id.astore;1.Product Category Name.Product Category Name.fact.map;1.Product Id.fact.data.hdr;1.Product Category Name.bsstoreidx;1.Product Id.(All).ostore;1.(All).bsstore;1.Product Category Name.fact.data.hdr;1.Product Id.fact.data;1.(All).astore</DataFileList><Description/><Annotations xmlns:ddl500_500="http://schemas.microsoft.com/analysisservices/2013/engine/500/500" xmlns:ddl500="http://schemas.microsoft.com/analysisservices/2013/engine/500" xmlns:ddl400_400="http://schemas.microsoft.com/analysisservices/2012/engine/400/400" xmlns:ddl400="http://schemas.microsoft.com/analysisservices/2012/engine/400" xmlns:ddl300_300="http://schemas.microsoft.com/analysisservices/2011/engine/300/300" xmlns:ddl300="http://schemas.microsoft.com/analysisservices/2011/engine/300" xmlns:ddl200_200="http://schemas.microsoft.com/analysisservices/2010/engine/200/200" xmlns:ddl200="http://schemas.microsoft.com/analysisservices/2010/engine/200" xmlns:ddl100_100="http://schemas.microsoft.com/analysisservices/2008/engine/100/100" xmlns:ddl2_2="http://schemas.microsoft.com/analysisservices/2003/engine/2/2" xmlns:ddl2="http://schemas.microsoft.com/analysisservices/2003/engine/2" xmlns:xsi="http://www.w3.org/2001/XMLSchema-instance" xmlns:xsd="http://www.w3.org/2001/XMLSchema" xmlns="http://schemas.microsoft.com/analysisservices/2003/engine">
              <Annotation>
                <Name>http://schemas.microsoft.com/DataWarehouse/Designer/1.0:DiagramLayout</Name>
              </Annotation>
              <Annotation>
                <Name>http://schemas.microsoft.com/DataWarehouse/Designer/1.0:ShowFriendlyNames</Name>
                <Value>true</Value>
              </Annotation>
              <Annotation>
                <Name>http://schemas.microsoft.com/DataWarehouse/Designer/1.0:ShowRelationshipNames</Name>
                <Value>false</Value>
              </Annotation>
              <Annotation>
                <Name>http://schemas.microsoft.com/DataWarehouse/Designer/1.0:UseDiagramDefaultLayout</Name>
                <Value>true</Value>
              </Annotation>
              <Annotation>
                <Name>http://schemas.microsoft.com/DataWarehouse/Designer/1.0:DiagramViewPortLeft</Name>
                <Value>0</Value>
              </Annotation>
              <Annotation>
                <Name>http://schemas.microsoft.com/DataWarehouse/Designer/1.0:DiagramViewPortTop</Name>
                <Value>0</Value>
              </Annotation>
              <Annotation>
                <Name>http://schemas.microsoft.com/DataWarehouse/Designer/1.0:DiagramBoundingLeft</Name>
                <Value>0</Value>
              </Annotation>
              <Annotation>
                <Name>http://schemas.microsoft.com/DataWarehouse/Designer/1.0:DiagramBoundingTop</Name>
                <Value>0</Value>
              </Annotation>
              <Annotation>
                <Name>http://schemas.microsoft.com/DataWarehouse/Designer/1.0:DiagramZoom</Name>
                <Value>100</Value>
              </Annotation>
            </Annotations><LastProcessed>2023-11-25T22:34:33.336667</LastProcessed><EstimatedSize>54049</EstimatedSize><Source xsi:type="DataSourceViewBinding"><DataSourceViewID>Northwind Dim</DataSourceViewID></Source><MiningModelID/><Type>Regular</Type><UnknownMember>Visible</UnknownMember><MdxMissingMemberMode>Default</MdxMissingMemberMode><ddl300:StringStoresCompatibilityLevel>1050</ddl300:StringStoresCompatibilityLevel><ddl300:InternalStringStoresCompatibilityLevel>1050</ddl300:InternalStringStoresCompatibilityLevel><ddl300:CurrentStringStoresCompatibilityLevel>1050</ddl300:CurrentStringStoresCompatibilityLevel><ErrorConfiguration><KeyErrorLimit>0</KeyErrorLimit><KeyErrorLogFile/><KeyErrorAction>ConvertToUnknown</KeyErrorAction><KeyErrorLimitAction>StopProcessing</KeyErrorLimitAction><KeyDuplicate>ReportAndStop</KeyDuplicate><KeyNotFound>ReportAndStop</KeyNotFound><NullKeyConvertedToUnknown>IgnoreError</NullKeyConvertedToUnknown><NullKeyNotAllowed>ReportAndStop</NullKeyNotAllowed></ErrorConfiguration><StorageMode>Molap</StorageMode><CurrentStorageMode>Molap</CurrentStorageMode><ProcessingPriority>0</ProcessingPriority><WriteEnabled>false</WriteEnabled><DependsOnDimensionID/><Language>1033</Language><Collation>Modern_Spanish_CI_AS</Collation><UnknownMemberName>Unknown</UnknownMemberName><ProcessingMode>Regular</ProcessingMode><OrderByKey>false</OrderByKey><AttributeAllMemberName/><ProactiveCaching><SilenceInterval>-PT1S</SilenceInterval><Latency>-PT1S</Latency><SilenceOverrideInterval>-PT1S</SilenceOverrideInterval><ForceRebuildInterval>-PT1S</ForceRebuildInterval><Enabled>false</Enabled><AggregationStorage>Regular</AggregationStorage><OnlineMode>Immediate</OnlineMode><Source xsi:type="ProactiveCachingInheritedBinding"><NotificationTechnique>Client</NotificationTechnique></Source></ProactiveCaching><UnknownMemberTranslations/><AttributeAllMemberTranslations/><Translations/><Attributes><Attribute><Name>Product Id</Name><ID>Product Id</ID><Description/><Type>Regular</Type><Usage>Key</Usage><EstimatedCount>0</EstimatedCount><DiscretizationMethod>None</DiscretizationMethod><DiscretizationBucketCount>0</DiscretizationBucketCount><OrderBy>Key</OrderBy><InstanceSelection>None</InstanceSelection><DefaultMember/><OrderByAttributeID/><NamingTemplate/><MembersWithData>NonLeafDataVisible</MembersWithData><MembersWithDataCaption/><MemberNamesUnique>false</MemberNamesUnique><KeyUniquenessGuarantee>false</KeyUniquenessGuarantee><IsAggregatable>true</IsAggregatable><AttributeHierarchyEnabled>true</AttributeHierarchyEnabled><AttributeHierarchyVisible>true</AttributeHierarchyVisible><AttributeHierarchyOrdered>true</AttributeHierarchyOrdered><AttributeHierarchyOptimizedState>FullyOptimized</AttributeHierarchyOptimizedState><AttributeHierarchyDisplayFolder/><GroupingBehavior>EncourageGrouping</GroupingBehavior><KeyColumns><KeyColumn><DataType>Integer</DataType><DataSize>0</DataSize><NullProcessing>UnknownMember</NullProcessing><Collation/><Format/><Source xsi:type="ColumnBinding"><TableID>dbo_DimProduct</TableID><ColumnID>ProductId</ColumnID></Source></KeyColumn></KeyColumns><NameColumn><DataType>WChar</DataType><DataSize>0</DataSize><NullProcessing>ZeroOrBlank</NullProcessing><Collation/><Format/><Source xsi:type="ColumnBinding"><TableID>dbo_DimProduct</TableID><ColumnID>ProductId</ColumnID></Source></NameColumn><Translations/><NamingTemplateTranslations/><AttributeRelationships><AttributeRelationship><AttributeID>Product Category Name</AttributeID><Name>Product Category Name</Name><RelationshipType>Flexible</RelationshipType><Cardinality>Many</Cardinality><Optionality>Mandatory</Optionality><OverrideBehavior>Strong</OverrideBehavior><Translations/></AttributeRelationship></AttributeRelationships></Attribute><Attribute><Name>Product Category Name</Name><ID>Product Category Name</ID><Description/><Type>Regular</Type><Usage>Regular</Usage><EstimatedCount>0</EstimatedCount><DiscretizationMethod>None</DiscretizationMethod><DiscretizationBucketCount>0</DiscretizationBucketCount><OrderBy>Key</OrderBy><InstanceSelection>None</InstanceSelection><DefaultMember/><OrderByAttributeID/><NamingTemplate/><MembersWithData>NonLeafDataVisible</MembersWithData><MembersWithDataCaption/><MemberNamesUnique>false</MemberNamesUnique><KeyUniquenessGuarantee>false</KeyUniquenessGuarantee><IsAggregatable>true</IsAggregatable><AttributeHierarchyEnabled>true</AttributeHierarchyEnabled><AttributeHierarchyVisible>true</AttributeHierarchyVisible><AttributeHierarchyOrdered>true</AttributeHierarchyOrdered><AttributeHierarchyOptimizedState>FullyOptimized</AttributeHierarchyOptimizedState><AttributeHierarchyDisplayFolder/><GroupingBehavior>EncourageGrouping</GroupingBehavior><KeyColumns><KeyColumn><DataType>WChar</DataType><DataSize>58</DataSize><NullProcessing>Automatic</NullProcessing><Collation/><Format/><Source xsi:type="ColumnBinding"><TableID>dbo_DimProduct</TableID><ColumnID>ProductCategoryName</ColumnID></Source></KeyColumn></KeyColumns><NameColumn><DataType>WChar</DataType><DataSize>58</DataSize><NullProcessing>Automatic</NullProcessing><Collation/><Format/><Source xsi:type="ColumnBinding"><TableID>dbo_DimProduct</TableID><ColumnID>ProductCategoryName</ColumnID></Source></NameColumn><Translations/><NamingTemplateTranslations/><AttributeRelationships/></Attribute></Attributes><Hierarchies/><StructureVersion>0</StructureVersion><DataIDVersion>1</DataIDVersion><IncDataIDVersion>1</IncDataIDVersion><CacheVersion>1</CacheVersion><DataVersion>1</DataVersion><LastBindingChange>1601-01-01T00:00:00</LastBindingChange><PermissionFileList/></Dimension></ObjectDefinition></Load>