<Load xmlns="http://schemas.microsoft.com/analysisservices/2003/engine" xmlns:ddl2="http://schemas.microsoft.com/analysisservices/2003/engine/2" xmlns:ddl2_2="http://schemas.microsoft.com/analysisservices/2003/engine/2/2" xmlns:ddl100="http://schemas.microsoft.com/analysisservices/2008/engine/100" xmlns:ddl100_100="http://schemas.microsoft.com/analysisservices/2008/engine/100/100" xmlns:ddl200="http://schemas.microsoft.com/analysisservices/2010/engine/200" xmlns:ddl200_200="http://schemas.microsoft.com/analysisservices/2010/engine/200/200" xmlns:ddl300="http://schemas.microsoft.com/analysisservices/2011/engine/300" xmlns:ddl300_300="http://schemas.microsoft.com/analysisservices/2011/engine/300/300" xmlns:ddl400="http://schemas.microsoft.com/analysisservices/2012/engine/400" xmlns:ddl400_400="http://schemas.microsoft.com/analysisservices/2012/engine/400/400" xmlns:ddl410="http://schemas.microsoft.com/analysisservices/2012/engine/410" xmlns:ddl410_410="http://schemas.microsoft.com/analysisservices/2012/engine/410/410" xmlns:ddl500="http://schemas.microsoft.com/analysisservices/2013/engine/500" xmlns:ddl500_500="http://schemas.microsoft.com/analysisservices/2013/engine/500/500" xmlns:ddl600="http://schemas.microsoft.com/analysisservices/2013/engine/600" xmlns:ddl600_600="http://schemas.microsoft.com/analysisservices/2013/engine/600/600" xmlns:ddl700="http://schemas.microsoft.com/analysisservices/2018/engine/700" xmlns:ddl700_700="http://schemas.microsoft.com/analysisservices/2018/engine/700/700" xmlns:ddl800="http://schemas.microsoft.com/analysisservices/2018/engine/800" xmlns:ddl800_800="http://schemas.microsoft.com/analysisservices/2018/engine/800/800" xmlns:ddl900="http://schemas.microsoft.com/analysisservices/2019/engine/900" xmlns:ddl900_900="http://schemas.microsoft.com/analysisservices/2019/engine/900/900" xmlns:ddl910="http://schemas.microsoft.com/analysisservices/2020/engine/910" xmlns:ddl910_910="http://schemas.microsoft.com/analysisservices/2020/engine/910/910" xmlns:ddl920="http://schemas.microsoft.com/analysisservices/2020/engine/920" xmlns:ddl920_920="http://schemas.microsoft.com/analysisservices/2020/engine/920/920" xmlns:ddl921="http://schemas.microsoft.com/analysisservices/2021/engine/921" xmlns:ddl921_921="http://schemas.microsoft.com/analysisservices/2021/engine/921/921" xmlns:xsd="http://www.w3.org/2001/XMLSchema" xmlns:xsi="http://www.w3.org/2001/XMLSchema-instance"><ParentObject><DatabaseID>Northwind_OLAP</DatabaseID></ParentObject><ObjectDefinition><DataSource xsi:type="RelationalDataSource"><Name>Northwind Dim</Name><ID>Northwind Dim</ID><CreatedTimestamp>2023-11-25T22:34:28.213333</CreatedTimestamp><LastSchemaUpdate>2023-11-25T22:36:44.396667</LastSchemaUpdate><ObjectVersion>1</ObjectVersion><ObjectID>0EAA9DC3-1030-40A7-8E85-0FFBE81D7D90</ObjectID><Ordinal>1</Ordinal><PersistLocation>0</PersistLocation><System>false</System><DataFileList/><Description/><PermissionFileList/><ConnectionString>[EncryptedDataStart]JwQtADtWGr0szI7MF9EaDrQpvH5ekpxFWbiBnjOpkfS322YZgJNoU8lXkgjByZXXBI87mtxMVuHz 
Y9FK8cY9AwwgQFAdLMetED95/M/pqnek0KCe5/uRXpMqCSgSqEKKcLKYQ1M/z1kymjUPs7+P9tO9 
NXpdMcDl0x5n61HZ9pnEF7zCO7uTBR2heJz7OQGOLYIGQKll0caVw8wNvHZes/62NayTTUzvHjBv 
/ENainZcn1mPvA3eLOmt+kXexv+qMu7nANZdAM8i32g+tsn2xsXWw5jcvqU60uw/eeREiiTN47z4 
nzWDwKjuijizhT2vEjQEOfV3NyDQ0i/BlyAtwqoneE5BpSkjeUn8XAAuYbqAkVACyWkesrGDMGmj 
NLu/ 
[EncryptedDataEnd]</ConnectionString><Timeout>P0D</Timeout><ImpersonationInfo><ImpersonationMode>ImpersonateServiceAccount</ImpersonationMode><Account/><Password>RF8Vr7b11YOTjRPVBcVJDha6BRSNCdAFaYCZuaWNOuzJe82DR1dmLgdw+wM7edqbT1wCiF+P5/Uf 
T0Yc48/p355e1JlfEnsOIAenrjLXRAs= 
</Password></ImpersonationInfo><MaxActiveConnections>10</MaxActiveConnections><Isolation>ReadCommitted</Isolation></DataSource></ObjectDefinition></Load>