<Load xmlns="http://schemas.microsoft.com/analysisservices/2003/engine" xmlns:ddl2="http://schemas.microsoft.com/analysisservices/2003/engine/2" xmlns:ddl2_2="http://schemas.microsoft.com/analysisservices/2003/engine/2/2" xmlns:ddl100="http://schemas.microsoft.com/analysisservices/2008/engine/100" xmlns:ddl100_100="http://schemas.microsoft.com/analysisservices/2008/engine/100/100" xmlns:ddl200="http://schemas.microsoft.com/analysisservices/2010/engine/200" xmlns:ddl200_200="http://schemas.microsoft.com/analysisservices/2010/engine/200/200" xmlns:ddl300="http://schemas.microsoft.com/analysisservices/2011/engine/300" xmlns:ddl300_300="http://schemas.microsoft.com/analysisservices/2011/engine/300/300" xmlns:ddl400="http://schemas.microsoft.com/analysisservices/2012/engine/400" xmlns:ddl400_400="http://schemas.microsoft.com/analysisservices/2012/engine/400/400" xmlns:ddl410="http://schemas.microsoft.com/analysisservices/2012/engine/410" xmlns:ddl410_410="http://schemas.microsoft.com/analysisservices/2012/engine/410/410" xmlns:ddl500="http://schemas.microsoft.com/analysisservices/2013/engine/500" xmlns:ddl500_500="http://schemas.microsoft.com/analysisservices/2013/engine/500/500" xmlns:ddl600="http://schemas.microsoft.com/analysisservices/2013/engine/600" xmlns:ddl600_600="http://schemas.microsoft.com/analysisservices/2013/engine/600/600" xmlns:ddl700="http://schemas.microsoft.com/analysisservices/2018/engine/700" xmlns:ddl700_700="http://schemas.microsoft.com/analysisservices/2018/engine/700/700" xmlns:ddl800="http://schemas.microsoft.com/analysisservices/2018/engine/800" xmlns:ddl800_800="http://schemas.microsoft.com/analysisservices/2018/engine/800/800" xmlns:ddl900="http://schemas.microsoft.com/analysisservices/2019/engine/900" xmlns:ddl900_900="http://schemas.microsoft.com/analysisservices/2019/engine/900/900" xmlns:ddl910="http://schemas.microsoft.com/analysisservices/2020/engine/910" xmlns:ddl910_910="http://schemas.microsoft.com/analysisservices/2020/engine/910/910" xmlns:ddl920="http://schemas.microsoft.com/analysisservices/2020/engine/920" xmlns:ddl920_920="http://schemas.microsoft.com/analysisservices/2020/engine/920/920" xmlns:ddl921="http://schemas.microsoft.com/analysisservices/2021/engine/921" xmlns:ddl921_921="http://schemas.microsoft.com/analysisservices/2021/engine/921/921" xmlns:xsd="http://www.w3.org/2001/XMLSchema" xmlns:xsi="http://www.w3.org/2001/XMLSchema-instance"><ParentObject><DatabaseID>Northwind_OLAP</DatabaseID></ParentObject><ObjectDefinition><DataSourceView><Name>Northwind Dim</Name><ID>Northwind Dim</ID><CreatedTimestamp>2023-11-25T22:34:28.213333</CreatedTimestamp><LastSchemaUpdate>2023-11-25T22:36:44.47</LastSchemaUpdate><ObjectVersion>1</ObjectVersion><ObjectID>4904D6EE-360F-4E07-9476-048E3CE66AAC</ObjectID><Ordinal>1</Ordinal><PersistLocation>0</PersistLocation><System>false</System><DataFileList/><Description/><Annotations xmlns:ddl500_500="http://schemas.microsoft.com/analysisservices/2013/engine/500/500" xmlns:ddl500="http://schemas.microsoft.com/analysisservices/2013/engine/500" xmlns:ddl400_400="http://schemas.microsoft.com/analysisservices/2012/engine/400/400" xmlns:ddl400="http://schemas.microsoft.com/analysisservices/2012/engine/400" xmlns:ddl300_300="http://schemas.microsoft.com/analysisservices/2011/engine/300/300" xmlns:ddl300="http://schemas.microsoft.com/analysisservices/2011/engine/300" xmlns:ddl200_200="http://schemas.microsoft.com/analysisservices/2010/engine/200/200" xmlns:ddl200="http://schemas.microsoft.com/analysisservices/2010/engine/200" xmlns:ddl100_100="http://schemas.microsoft.com/analysisservices/2008/engine/100/100" xmlns:ddl2_2="http://schemas.microsoft.com/analysisservices/2003/engine/2/2" xmlns:ddl2="http://schemas.microsoft.com/analysisservices/2003/engine/2" xmlns:xsi="http://www.w3.org/2001/XMLSchema-instance" xmlns:xsd="http://www.w3.org/2001/XMLSchema" xmlns="http://schemas.microsoft.com/analysisservices/2003/engine">
              <Annotation>
                <Name>http://schemas.microsoft.com/DataWarehouse/Designer/1.0:ShowFriendlyNames</Name>
                <Value>true</Value>
              </Annotation>
              <Annotation>
                <Name>http://schemas.microsoft.com/DataWarehouse/Designer/1.0:CurrentLayout</Name>
                <Value>_ALL_TABLES_</Value>
              </Annotation>
              <Annotation>
                <Name>http://schemas.microsoft.com/DataWarehouse/Designer/1.0:SchemaRestriction</Name>
              </Annotation>
              <Annotation>
                <Name>http://schemas.microsoft.com/DataWarehouse/Designer/1.0:RetrieveRelationships</Name>
                <Value>true</Value>
              </Annotation>
              <Annotation>
                <Name>http://schemas.microsoft.com/DataWarehouse/Designer/1.0:Layouts</Name>
                <Value>
                  <Layouts xmlns="">
                    <Diagram>
                      <Name>_ALL_TABLES_</Name>
                      <DiagramLayout/>
                      <ShowRelationshipNames>False</ShowRelationshipNames>
                      <UseDiagramDefaultLayout>True</UseDiagramDefaultLayout>
                      <DiagramViewPortLeft>0</DiagramViewPortLeft>
                      <DiagramViewPortTop>0</DiagramViewPortTop>
                      <DiagramBoundingLeft>0</DiagramBoundingLeft>
                      <DiagramBoundingTop>0</DiagramBoundingTop>
                      <DiagramZoom>100</DiagramZoom>
                    </Diagram>
                  </Layouts>
                </Value>
              </Annotation>
            </Annotations><Schema xmlns:ddl500_500="http://schemas.microsoft.com/analysisservices/2013/engine/500/500" xmlns:ddl500="http://schemas.microsoft.com/analysisservices/2013/engine/500" xmlns:ddl400_400="http://schemas.microsoft.com/analysisservices/2012/engine/400/400" xmlns:ddl400="http://schemas.microsoft.com/analysisservices/2012/engine/400" xmlns:ddl300_300="http://schemas.microsoft.com/analysisservices/2011/engine/300/300" xmlns:ddl300="http://schemas.microsoft.com/analysisservices/2011/engine/300" xmlns:ddl200_200="http://schemas.microsoft.com/analysisservices/2010/engine/200/200" xmlns:ddl200="http://schemas.microsoft.com/analysisservices/2010/engine/200" xmlns:ddl100_100="http://schemas.microsoft.com/analysisservices/2008/engine/100/100" xmlns:ddl2_2="http://schemas.microsoft.com/analysisservices/2003/engine/2/2" xmlns:ddl2="http://schemas.microsoft.com/analysisservices/2003/engine/2" xmlns:xsi="http://www.w3.org/2001/XMLSchema-instance" xmlns:xsd="http://www.w3.org/2001/XMLSchema" xmlns="http://schemas.microsoft.com/analysisservices/2003/engine">
              <xs:schema id="Northwind_x0020_Dim" xmlns="" xmlns:xs="http://www.w3.org/2001/XMLSchema" xmlns:msdata="urn:schemas-microsoft-com:xml-msdata" xmlns:msprop="urn:schemas-microsoft-com:xml-msprop">
                <xs:element name="Northwind_x0020_Dim" msdata:IsDataSet="true" msdata:UseCurrentLocale="true" msprop:design-time-name="e880734a-835a-41ca-857b-392dc7cea162">
                  <xs:complexType>
                    <xs:choice minOccurs="0" maxOccurs="unbounded">
                      <xs:element name="dbo_DimCustomer" msprop:design-time-name="066d3d5d-7d2d-456d-b7b9-3cba8688a258" msprop:FriendlyName="DimCustomer" msprop:DbSchemaName="dbo" msprop:DbTableName="DimCustomer" msprop:TableType="Table">
                        <xs:complexType>
                          <xs:sequence>
                            <xs:element name="CustomerId" msprop:design-time-name="1e4c1aeb-a224-4543-9739-96c6b2fd0038" msprop:DbColumnName="CustomerId" msprop:FriendlyName="CustomerId">
                              <xs:simpleType>
                                <xs:restriction base="xs:string">
                                  <xs:maxLength value="5"/>
                                </xs:restriction>
                              </xs:simpleType>
                            </xs:element>
                            <xs:element name="CompanyName" msprop:design-time-name="cceb542d-8b9d-4e99-b307-890a82cd0b33" msprop:DbColumnName="CompanyName" msprop:FriendlyName="CompanyName" minOccurs="0">
                              <xs:simpleType>
                                <xs:restriction base="xs:string">
                                  <xs:maxLength value="40"/>
                                </xs:restriction>
                              </xs:simpleType>
                            </xs:element>
                            <xs:element name="City" msprop:design-time-name="e56b4d59-91ca-416a-b6c9-0e882fc49271" msprop:DbColumnName="City" msprop:FriendlyName="City" minOccurs="0">
                              <xs:simpleType>
                                <xs:restriction base="xs:string">
                                  <xs:maxLength value="15"/>
                                </xs:restriction>
                              </xs:simpleType>
                            </xs:element>
                            <xs:element name="Country" msprop:design-time-name="abbf9ac1-b6cc-4fd1-8d5b-d18ce5eae886" msprop:DbColumnName="Country" msprop:FriendlyName="Country" minOccurs="0">
                              <xs:simpleType>
                                <xs:restriction base="xs:string">
                                  <xs:maxLength value="15"/>
                                </xs:restriction>
                              </xs:simpleType>
                            </xs:element>
                          </xs:sequence>
                        </xs:complexType>
                      </xs:element>
                      <xs:element name="dbo_DimEmployee" msprop:design-time-name="11dcad20-cd94-4690-8a20-c159512f58a8" msprop:FriendlyName="DimEmployee" msprop:DbSchemaName="dbo" msprop:DbTableName="DimEmployee" msprop:TableType="Table">
                        <xs:complexType>
                          <xs:sequence>
                            <xs:element name="EmployeeId" msprop:design-time-name="50895f55-6287-4f3b-9115-9d6d12e2dc0f" msprop:DbColumnName="EmployeeId" msprop:FriendlyName="EmployeeId" type="xs:int"/>
                            <xs:element name="EmpLastName" msprop:design-time-name="fbc50cae-f58f-45ae-8647-068670918d31" msprop:DbColumnName="EmpLastName" msprop:FriendlyName="EmpLastName" minOccurs="0">
                              <xs:simpleType>
                                <xs:restriction base="xs:string">
                                  <xs:maxLength value="20"/>
                                </xs:restriction>
                              </xs:simpleType>
                            </xs:element>
                            <xs:element name="MngLastName" msprop:design-time-name="2a12b102-2a99-4013-88ed-af3e66ef43be" msprop:DbColumnName="MngLastName" msprop:FriendlyName="MngLastName" minOccurs="0">
                              <xs:simpleType>
                                <xs:restriction base="xs:string">
                                  <xs:maxLength value="20"/>
                                </xs:restriction>
                              </xs:simpleType>
                            </xs:element>
                          </xs:sequence>
                        </xs:complexType>
                      </xs:element>
                      <xs:element name="dbo_DimProduct" msprop:design-time-name="0e3bdcd4-ead8-4627-bee8-9977a2d0f343" msprop:FriendlyName="DimProduct" msprop:DbSchemaName="dbo" msprop:DbTableName="DimProduct" msprop:TableType="Table">
                        <xs:complexType>
                          <xs:sequence>
                            <xs:element name="ProductId" msprop:design-time-name="64a3d9dc-4c59-45e2-ad78-f76daec42083" msprop:DbColumnName="ProductId" msprop:FriendlyName="ProductId" type="xs:int"/>
                            <xs:element name="ProductName" msprop:design-time-name="a60e662b-72aa-4950-92ee-e999dd289fe8" msprop:DbColumnName="ProductName" msprop:FriendlyName="ProductName" minOccurs="0">
                              <xs:simpleType>
                                <xs:restriction base="xs:string">
                                  <xs:maxLength value="40"/>
                                </xs:restriction>
                              </xs:simpleType>
                            </xs:element>
                            <xs:element name="ProductCategory" msprop:design-time-name="faa891b6-bcab-4351-9f7a-5bbcd57b6fad" msprop:DbColumnName="ProductCategory" msprop:FriendlyName="ProductCategory" minOccurs="0">
                              <xs:simpleType>
                                <xs:restriction base="xs:string">
                                  <xs:maxLength value="15"/>
                                </xs:restriction>
                              </xs:simpleType>
                            </xs:element>
                            <xs:element name="ProductCategoryName" msdata:ReadOnly="true" msprop:design-time-name="1f69e621-34fe-4baa-b76b-17961fa8a8f6" msprop:DbColumnName="ProductCategoryName" msprop:FriendlyName="ProductCategoryName" minOccurs="0">
                              <xs:simpleType>
                                <xs:restriction base="xs:string">
                                  <xs:maxLength value="58"/>
                                </xs:restriction>
                              </xs:simpleType>
                            </xs:element>
                          </xs:sequence>
                        </xs:complexType>
                      </xs:element>
                      <xs:element name="dbo_DimSupplier" msprop:design-time-name="d84f9176-a631-4f35-bf8b-eedb8a977dbb" msprop:FriendlyName="DimSupplier" msprop:DbSchemaName="dbo" msprop:DbTableName="DimSupplier" msprop:TableType="Table">
                        <xs:complexType>
                          <xs:sequence>
                            <xs:element name="SupplierId" msprop:design-time-name="04d11801-6f78-4f0f-9240-e0be3f01a1f0" msprop:DbColumnName="SupplierId" msprop:FriendlyName="SupplierId" type="xs:int"/>
                            <xs:element name="CompanyName" msprop:design-time-name="d3441f0c-08d1-41a5-994c-a7fd6bf9bd95" msprop:DbColumnName="CompanyName" msprop:FriendlyName="CompanyName" minOccurs="0">
                              <xs:simpleType>
                                <xs:restriction base="xs:string">
                                  <xs:maxLength value="40"/>
                                </xs:restriction>
                              </xs:simpleType>
                            </xs:element>
                            <xs:element name="Country" msprop:design-time-name="753101cf-2e20-43fb-a06a-9937b53d1a38" msprop:DbColumnName="Country" msprop:FriendlyName="Country" minOccurs="0">
                              <xs:simpleType>
                                <xs:restriction base="xs:string">
                                  <xs:maxLength value="15"/>
                                </xs:restriction>
                              </xs:simpleType>
                            </xs:element>
                          </xs:sequence>
                        </xs:complexType>
                      </xs:element>
                      <xs:element name="dbo_DimTime" msprop:design-time-name="453bd2ea-187a-454c-98df-d840dd289ac1" msprop:FriendlyName="DimTime" msprop:DbSchemaName="dbo" msprop:DbTableName="DimTime" msprop:TableType="Table">
                        <xs:complexType>
                          <xs:sequence>
                            <xs:element name="TimeId" msdata:ReadOnly="true" msdata:AutoIncrement="true" msprop:design-time-name="bfdb30e6-bb47-438e-a01b-aef587a88aef" msprop:DbColumnName="TimeId" msprop:FriendlyName="TimeId" type="xs:int"/>
                            <xs:element name="Date" msprop:design-time-name="8e90cdcb-6255-4b3a-9db3-fce1bb5a37d9" msprop:DbColumnName="Date" msprop:FriendlyName="Date" type="xs:dateTime" minOccurs="0"/>
                            <xs:element name="Year" msprop:design-time-name="313c39d4-8abe-4d65-b82e-0d22d09f1951" msprop:DbColumnName="Year" msprop:FriendlyName="Year" type="xs:int" minOccurs="0"/>
                            <xs:element name="Quarter" msprop:design-time-name="915a16ed-b034-4fbd-9936-d31eff0ec21b" msprop:DbColumnName="Quarter" msprop:FriendlyName="Quarter" type="xs:int" minOccurs="0"/>
                            <xs:element name="Month" msprop:design-time-name="43c8c774-31ab-44b5-a979-e128fb455c0d" msprop:DbColumnName="Month" msprop:FriendlyName="Month" type="xs:int" minOccurs="0"/>
                            <xs:element name="Day" msprop:design-time-name="3fb65fdb-e6f5-4b37-bfa5-64eddd9c836b" msprop:DbColumnName="Day" msprop:FriendlyName="Day" type="xs:int" minOccurs="0"/>
                          </xs:sequence>
                        </xs:complexType>
                      </xs:element>
                      <xs:element name="dbo_FactOrders" msprop:design-time-name="ebcfd509-07a4-4384-9519-3e02ffa519b0" msprop:FriendlyName="FactOrders" msprop:DbSchemaName="dbo" msprop:DbTableName="FactOrders" msprop:TableType="Table">
                        <xs:complexType>
                          <xs:sequence>
                            <xs:element name="FactID" msdata:ReadOnly="true" msdata:AutoIncrement="true" msprop:design-time-name="11b72afe-bd78-4129-a756-dcab5df4a837" msprop:DbColumnName="FactID" msprop:FriendlyName="FactID" type="xs:int"/>
                            <xs:element name="OrderId" msprop:design-time-name="e6ae5854-9f36-419e-92fb-ce50ec15fe0f" msprop:DbColumnName="OrderId" msprop:FriendlyName="OrderId" type="xs:int" minOccurs="0"/>
                            <xs:element name="CustomerId" msprop:design-time-name="6b58ba07-707a-4dde-bfae-1abf83040804" msprop:DbColumnName="CustomerId" msprop:FriendlyName="CustomerId" minOccurs="0">
                              <xs:simpleType>
                                <xs:restriction base="xs:string">
                                  <xs:maxLength value="5"/>
                                </xs:restriction>
                              </xs:simpleType>
                            </xs:element>
                            <xs:element name="ProductId" msprop:design-time-name="0a2f4a34-6fc5-4c98-9474-3d5b830aa03d" msprop:DbColumnName="ProductId" msprop:FriendlyName="ProductId" type="xs:int" minOccurs="0"/>
                            <xs:element name="EmployeeId" msprop:design-time-name="c27d943f-a412-4379-ba82-cdf44a59042c" msprop:DbColumnName="EmployeeId" msprop:FriendlyName="EmployeeId" type="xs:int" minOccurs="0"/>
                            <xs:element name="TimeId" msprop:design-time-name="fd38f92d-0f15-4450-9438-ca2ff2762a7b" msprop:DbColumnName="TimeId" msprop:FriendlyName="TimeId" type="xs:int" minOccurs="0"/>
                            <xs:element name="SupplierId" msprop:design-time-name="354409f1-4548-481c-ac6f-4ca2d9de6a3a" msprop:DbColumnName="SupplierId" msprop:FriendlyName="SupplierId" type="xs:int" minOccurs="0"/>
                            <xs:element name="Price" msprop:design-time-name="a10d957a-4143-4b82-8ee0-ced9e69d5af4" msprop:DbColumnName="Price" msprop:FriendlyName="Price" type="xs:decimal" minOccurs="0"/>
                            <xs:element name="Quantity" msprop:design-time-name="85a6b5ea-b559-451d-b7fb-b13b968a8489" msprop:DbColumnName="Quantity" msprop:FriendlyName="Quantity" type="xs:int" minOccurs="0"/>
                          </xs:sequence>
                        </xs:complexType>
                      </xs:element>
                    </xs:choice>
                  </xs:complexType>
                  <xs:unique name="Constraint1" msdata:PrimaryKey="true">
                    <xs:selector xpath=".//dbo_DimCustomer"/>
                    <xs:field xpath="CustomerId"/>
                  </xs:unique>
                  <xs:unique name="dbo_DimEmployee_Constraint1" msdata:ConstraintName="Constraint1" msdata:PrimaryKey="true">
                    <xs:selector xpath=".//dbo_DimEmployee"/>
                    <xs:field xpath="EmployeeId"/>
                  </xs:unique>
                  <xs:unique name="dbo_DimProduct_Constraint1" msdata:ConstraintName="Constraint1" msdata:PrimaryKey="true">
                    <xs:selector xpath=".//dbo_DimProduct"/>
                    <xs:field xpath="ProductId"/>
                  </xs:unique>
                  <xs:unique name="dbo_DimSupplier_Constraint1" msdata:ConstraintName="Constraint1" msdata:PrimaryKey="true">
                    <xs:selector xpath=".//dbo_DimSupplier"/>
                    <xs:field xpath="SupplierId"/>
                  </xs:unique>
                  <xs:unique name="dbo_DimTime_Constraint1" msdata:ConstraintName="Constraint1" msdata:PrimaryKey="true">
                    <xs:selector xpath=".//dbo_DimTime"/>
                    <xs:field xpath="TimeId"/>
                  </xs:unique>
                  <xs:unique name="dbo_FactOrders_Constraint1" msdata:ConstraintName="Constraint1" msdata:PrimaryKey="true">
                    <xs:selector xpath=".//dbo_FactOrders"/>
                    <xs:field xpath="FactID"/>
                  </xs:unique>
                  <xs:keyref name="FK__FactOrder__Suppl__0D7A0286" refer="dbo_DimSupplier_Constraint1">
                    <xs:selector xpath=".//dbo_FactOrders"/>
                    <xs:field xpath="SupplierId"/>
                  </xs:keyref>
                  <xs:keyref name="FK__FactOrder__Emplo__0B91BA14" refer="dbo_DimEmployee_Constraint1">
                    <xs:selector xpath=".//dbo_FactOrders"/>
                    <xs:field xpath="EmployeeId"/>
                  </xs:keyref>
                  <xs:keyref name="FK__FactOrder__Custo__09A971A2" refer="Constraint1">
                    <xs:selector xpath=".//dbo_FactOrders"/>
                    <xs:field xpath="CustomerId"/>
                  </xs:keyref>
                  <xs:keyref name="FK__FactOrder__TimeI__0C85DE4D" refer="dbo_DimTime_Constraint1">
                    <xs:selector xpath=".//dbo_FactOrders"/>
                    <xs:field xpath="TimeId"/>
                  </xs:keyref>
                  <xs:keyref name="FK__FactOrder__Produ__0A9D95DB" refer="dbo_DimProduct_Constraint1">
                    <xs:selector xpath=".//dbo_FactOrders"/>
                    <xs:field xpath="ProductId"/>
                  </xs:keyref>
                </xs:element>
              </xs:schema>
              <Northwind_x0020_Dim xmlns=""/>
            </Schema><DataSourceID>Northwind Dim</DataSourceID></DataSourceView></ObjectDefinition></Load>