<Load xmlns="http://schemas.microsoft.com/analysisservices/2003/engine" xmlns:ddl2="http://schemas.microsoft.com/analysisservices/2003/engine/2" xmlns:ddl2_2="http://schemas.microsoft.com/analysisservices/2003/engine/2/2" xmlns:ddl100="http://schemas.microsoft.com/analysisservices/2008/engine/100" xmlns:ddl100_100="http://schemas.microsoft.com/analysisservices/2008/engine/100/100" xmlns:ddl200="http://schemas.microsoft.com/analysisservices/2010/engine/200" xmlns:ddl200_200="http://schemas.microsoft.com/analysisservices/2010/engine/200/200" xmlns:ddl300="http://schemas.microsoft.com/analysisservices/2011/engine/300" xmlns:ddl300_300="http://schemas.microsoft.com/analysisservices/2011/engine/300/300" xmlns:ddl400="http://schemas.microsoft.com/analysisservices/2012/engine/400" xmlns:ddl400_400="http://schemas.microsoft.com/analysisservices/2012/engine/400/400" xmlns:ddl410="http://schemas.microsoft.com/analysisservices/2012/engine/410" xmlns:ddl410_410="http://schemas.microsoft.com/analysisservices/2012/engine/410/410" xmlns:ddl500="http://schemas.microsoft.com/analysisservices/2013/engine/500" xmlns:ddl500_500="http://schemas.microsoft.com/analysisservices/2013/engine/500/500" xmlns:ddl600="http://schemas.microsoft.com/analysisservices/2013/engine/600" xmlns:ddl600_600="http://schemas.microsoft.com/analysisservices/2013/engine/600/600" xmlns:ddl700="http://schemas.microsoft.com/analysisservices/2018/engine/700" xmlns:ddl700_700="http://schemas.microsoft.com/analysisservices/2018/engine/700/700" xmlns:ddl800="http://schemas.microsoft.com/analysisservices/2018/engine/800" xmlns:ddl800_800="http://schemas.microsoft.com/analysisservices/2018/engine/800/800" xmlns:ddl900="http://schemas.microsoft.com/analysisservices/2019/engine/900" xmlns:ddl900_900="http://schemas.microsoft.com/analysisservices/2019/engine/900/900" xmlns:ddl910="http://schemas.microsoft.com/analysisservices/2020/engine/910" xmlns:ddl910_910="http://schemas.microsoft.com/analysisservices/2020/engine/910/910" xmlns:ddl920="http://schemas.microsoft.com/analysisservices/2020/engine/920" xmlns:ddl920_920="http://schemas.microsoft.com/analysisservices/2020/engine/920/920" xmlns:ddl921="http://schemas.microsoft.com/analysisservices/2021/engine/921" xmlns:ddl921_921="http://schemas.microsoft.com/analysisservices/2021/engine/921/921" xmlns:xsd="http://www.w3.org/2001/XMLSchema" xmlns:xsi="http://www.w3.org/2001/XMLSchema-instance"><ParentObject><DatabaseID>Northwind_OLAP</DatabaseID></ParentObject><ObjectDefinition><Cube><Name>Northwind Dim</Name><ID>Northwind Dim</ID><CreatedTimestamp>2023-11-25T22:34:28.22</CreatedTimestamp><LastSchemaUpdate>2023-11-25T22:40:25.226667</LastSchemaUpdate><ObjectVersion>3</ObjectVersion><ObjectID>42F6F337-87D9-4E91-9259-F09AE53067F0</ObjectID><Ordinal>1</Ordinal><PersistLocation>0</PersistLocation><System>false</System><DataFileList/><Description/><Annotations xmlns:ddl500_500="http://schemas.microsoft.com/analysisservices/2013/engine/500/500" xmlns:ddl500="http://schemas.microsoft.com/analysisservices/2013/engine/500" xmlns:ddl400_400="http://schemas.microsoft.com/analysisservices/2012/engine/400/400" xmlns:ddl400="http://schemas.microsoft.com/analysisservices/2012/engine/400" xmlns:ddl300_300="http://schemas.microsoft.com/analysisservices/2011/engine/300/300" xmlns:ddl300="http://schemas.microsoft.com/analysisservices/2011/engine/300" xmlns:ddl200_200="http://schemas.microsoft.com/analysisservices/2010/engine/200/200" xmlns:ddl200="http://schemas.microsoft.com/analysisservices/2010/engine/200" xmlns:ddl100_100="http://schemas.microsoft.com/analysisservices/2008/engine/100/100" xmlns:ddl2_2="http://schemas.microsoft.com/analysisservices/2003/engine/2/2" xmlns:ddl2="http://schemas.microsoft.com/analysisservices/2003/engine/2" xmlns:xsi="http://www.w3.org/2001/XMLSchema-instance" xmlns:xsd="http://www.w3.org/2001/XMLSchema" xmlns="http://schemas.microsoft.com/analysisservices/2003/engine">
                <Annotation>
                  <Name>http://schemas.microsoft.com/DataWarehouse/Designer/1.0:DiagramLayout</Name>
                  <Value>
                    <dds xmlns="">
                      <diagram fontclsid="{0BE35203-8F91-11CE-9DE3-00AA004BB851}" mouseiconclsid="{0BE35204-8F91-11CE-9DE3-00AA004BB851}" defaultlayout="MSDDS.Rectilinear" defaultlineroute="MSDDS.Rectilinear" version="7" nextobject="5" scale="100" pagebreakanchorx="0" pagebreakanchory="0" pagebreaksizex="0" pagebreaksizey="0" scrollleft="-32" scrolltop="-3391" gridx="150" gridy="150" marginx="5000" marginy="5000" zoom="85" x="19537" y="8170" backcolor="2434342" defaultpersistence="2" PrintPageNumbersMode="3" PrintMarginTop="0" PrintMarginBottom="635" PrintMarginLeft="0" PrintMarginRight="0" marqueeselectionmode="0" mousepointer="0" snaptogrid="0" autotypeannotation="1" showscrollbars="0" viewpagebreaks="0" donotforceconnectorsbehindshapes="1" backpictureclsid="{00000000-0000-0000-0000-000000000000}">
                        <font>
                          <ddsxmlobjectstreamwrapper binary="010000009001b0300100065461686f6d61"/>
                        </font>
                        <mouseicon>
                          <ddsxmlobjectstreamwrapper binary="6c74000000000000"/>
                        </mouseicon>
                      </diagram>
                      <layoutmanager>
                        <ddsxmlobj/>
                      </layoutmanager>
                      <ddscontrol controlprogid="DdsShapes.DdsObjectManagedBridge" tooltip="DimEmployee" left="19350" top="0" logicalid="1" controlid="1" masterid="0" hint1="0" hint2="0" width="3027" height="1947" noresize="0" nomove="0" nodefaultattachpoints="0" autodrag="1" usedefaultiddshape="1" selectable="1" showselectionhandles="1" allownudging="1" isannotation="0" dontautolayout="0" groupcollapsed="0" tabstop="1" visible="1" snaptogrid="0">
                        <control>
                          <ddsxmlobjectstreaminitwrapper binary="000e0000d30b00009b070000"/>
                        </control>
                        <layoutobject>
                          <ddsxmlobj>
                            <property name="LogicalObject" value="dbo_DimEmployee" vartype="8"/>
                          </ddsxmlobj>
                        </layoutobject>
                        <shape groupshapeid="0" groupnode="0"/>
                      </ddscontrol>
                      <ddscontrol controlprogid="DdsShapes.DdsObjectManagedBridge" tooltip="DimCustomer" left="13238" top="0" logicalid="2" controlid="2" masterid="0" hint1="0" hint2="0" width="3112" height="2307" noresize="0" nomove="0" nodefaultattachpoints="0" autodrag="1" usedefaultiddshape="1" selectable="1" showselectionhandles="1" allownudging="1" isannotation="0" dontautolayout="0" groupcollapsed="0" tabstop="1" visible="1" snaptogrid="0">
                        <control>
                          <ddsxmlobjectstreaminitwrapper binary="000e0000280c000003090000"/>
                        </control>
                        <layoutobject>
                          <ddsxmlobj>
                            <property name="LogicalObject" value="dbo_DimCustomer" vartype="8"/>
                          </ddsxmlobj>
                        </layoutobject>
                        <shape groupshapeid="0" groupnode="0"/>
                      </ddscontrol>
                      <ddscontrol controlprogid="DdsShapes.DdsObjectManagedBridge" tooltip="DimSupplier" left="20" top="0" logicalid="3" controlid="3" masterid="0" hint1="0" hint2="0" width="3112" height="1947" noresize="0" nomove="0" nodefaultattachpoints="0" autodrag="1" usedefaultiddshape="1" selectable="1" showselectionhandles="1" allownudging="1" isannotation="0" dontautolayout="0" groupcollapsed="0" tabstop="1" visible="1" snaptogrid="0">
                        <control>
                          <ddsxmlobjectstreaminitwrapper binary="000e0000280c00009b070000"/>
                        </control>
                        <layoutobject>
                          <ddsxmlobj>
                            <property name="LogicalObject" value="dbo_DimSupplier" vartype="8"/>
                          </ddsxmlobj>
                        </layoutobject>
                        <shape groupshapeid="0" groupnode="0"/>
                      </ddscontrol>
                      <ddscontrol controlprogid="DdsShapes.DdsObjectManagedBridge" tooltip="DimProduct" left="6132" top="0" logicalid="4" controlid="4" masterid="0" hint1="0" hint2="0" width="4106" height="2307" noresize="0" nomove="0" nodefaultattachpoints="0" autodrag="1" usedefaultiddshape="1" selectable="1" showselectionhandles="1" allownudging="1" isannotation="0" dontautolayout="0" groupcollapsed="0" tabstop="1" visible="1" snaptogrid="0">
                        <control>
                          <ddsxmlobjectstreaminitwrapper binary="000e00000a10000003090000"/>
                        </control>
                        <layoutobject>
                          <ddsxmlobj>
                            <property name="LogicalObject" value="dbo_DimProduct" vartype="8"/>
                          </ddsxmlobj>
                        </layoutobject>
                        <shape groupshapeid="0" groupnode="0"/>
                      </ddscontrol>
                    </dds>
                  </Value>
                </Annotation>
                <Annotation>
                  <Name>http://schemas.microsoft.com/DataWarehouse/Designer/1.0:ShowFriendlyNames</Name>
                  <Value>true</Value>
                </Annotation>
                <Annotation>
                  <Name>http://schemas.microsoft.com/DataWarehouse/Designer/1.0:ShowRelationshipNames</Name>
                  <Value>false</Value>
                </Annotation>
                <Annotation>
                  <Name>http://schemas.microsoft.com/DataWarehouse/Designer/1.0:UseDiagramDefaultLayout</Name>
                  <Value>true</Value>
                </Annotation>
                <Annotation>
                  <Name>http://schemas.microsoft.com/DataWarehouse/Designer/1.0:DiagramViewPortLeft</Name>
                  <Value>-32</Value>
                </Annotation>
                <Annotation>
                  <Name>http://schemas.microsoft.com/DataWarehouse/Designer/1.0:DiagramViewPortTop</Name>
                  <Value>-3391</Value>
                </Annotation>
                <Annotation>
                  <Name>http://schemas.microsoft.com/DataWarehouse/Designer/1.0:DiagramBoundingLeft</Name>
                  <Value>20</Value>
                </Annotation>
                <Annotation>
                  <Name>http://schemas.microsoft.com/DataWarehouse/Designer/1.0:DiagramBoundingTop</Name>
                  <Value>0</Value>
                </Annotation>
                <Annotation>
                  <Name>http://schemas.microsoft.com/DataWarehouse/Designer/1.0:DiagramZoom</Name>
                  <Value>85</Value>
                </Annotation>
              </Annotations><LastProcessed>2023-11-25T22:34:33.75</LastProcessed><Language>1033</Language><Collation>Modern_Spanish_CI_AS</Collation><DefaultMeasure/><Visible>true</Visible><AggregationPrefix/><StorageMode>Molap</StorageMode><ProcessingMode>Regular</ProcessingMode><ProcessingPriority>0</ProcessingPriority><ScriptCacheProcessingMode>Regular</ScriptCacheProcessingMode><ScriptErrorHandlingMode>IgnoreNone</ScriptErrorHandlingMode><StorageLocation/><EstimatedRows>0</EstimatedRows><Source xsi:type="DataSourceViewBinding"><DataSourceViewID>Northwind Dim</DataSourceViewID></Source><ProactiveCaching><SilenceInterval>-PT1S</SilenceInterval><Latency>-PT1S</Latency><SilenceOverrideInterval>-PT1S</SilenceOverrideInterval><ForceRebuildInterval>-PT1S</ForceRebuildInterval><Enabled>false</Enabled><AggregationStorage>Regular</AggregationStorage><OnlineMode>Immediate</OnlineMode><Source xsi:type="ProactiveCachingInheritedBinding"><NotificationTechnique>Client</NotificationTechnique></Source></ProactiveCaching><Translations/><Dimensions><Dimension><ID>Dim Customer</ID><Name>Dim Customer</Name><DimensionID>Dim Customer</DimensionID><Visible>true</Visible><HierarchyUniqueNameStyle>IncludeDimensionName</HierarchyUniqueNameStyle><MemberUniqueNameStyle>Native</MemberUniqueNameStyle><AllMemberAggregationUsage>Default</AllMemberAggregationUsage><Translations/><Attributes><Attribute><AttributeID>Customer Id</AttributeID><AggregationUsage>Default</AggregationUsage><AttributeHierarchyEnabled>true</AttributeHierarchyEnabled><AttributeHierarchyVisible>true</AttributeHierarchyVisible><AttributeHierarchyOptimizedState>FullyOptimized</AttributeHierarchyOptimizedState></Attribute><Attribute><AttributeID>Company Name</AttributeID><AggregationUsage>Default</AggregationUsage><AttributeHierarchyEnabled>true</AttributeHierarchyEnabled><AttributeHierarchyVisible>true</AttributeHierarchyVisible><AttributeHierarchyOptimizedState>FullyOptimized</AttributeHierarchyOptimizedState></Attribute><Attribute><AttributeID>Country</AttributeID><AggregationUsage>Default</AggregationUsage><AttributeHierarchyEnabled>true</AttributeHierarchyEnabled><AttributeHierarchyVisible>true</AttributeHierarchyVisible><AttributeHierarchyOptimizedState>FullyOptimized</AttributeHierarchyOptimizedState></Attribute></Attributes><Hierarchies/></Dimension><Dimension><ID>Dim Customer 1</ID><Name>Dim Customer 1</Name><DimensionID>Dim Customer 1</DimensionID><Visible>true</Visible><HierarchyUniqueNameStyle>IncludeDimensionName</HierarchyUniqueNameStyle><MemberUniqueNameStyle>Native</MemberUniqueNameStyle><AllMemberAggregationUsage>Default</AllMemberAggregationUsage><Translations/><Attributes><Attribute><AttributeID>Customer Id</AttributeID><AggregationUsage>Default</AggregationUsage><AttributeHierarchyEnabled>true</AttributeHierarchyEnabled><AttributeHierarchyVisible>true</AttributeHierarchyVisible><AttributeHierarchyOptimizedState>FullyOptimized</AttributeHierarchyOptimizedState></Attribute></Attributes><Hierarchies/></Dimension><Dimension><ID>Dim Product</ID><Name>Dim Product</Name><DimensionID>Dim Product</DimensionID><Visible>true</Visible><HierarchyUniqueNameStyle>IncludeDimensionName</HierarchyUniqueNameStyle><MemberUniqueNameStyle>Native</MemberUniqueNameStyle><AllMemberAggregationUsage>Default</AllMemberAggregationUsage><Translations/><Attributes><Attribute><AttributeID>Product Id</AttributeID><AggregationUsage>Default</AggregationUsage><AttributeHierarchyEnabled>true</AttributeHierarchyEnabled><AttributeHierarchyVisible>true</AttributeHierarchyVisible><AttributeHierarchyOptimizedState>FullyOptimized</AttributeHierarchyOptimizedState></Attribute><Attribute><AttributeID>Product Category Name</AttributeID><AggregationUsage>Default</AggregationUsage><AttributeHierarchyEnabled>true</AttributeHierarchyEnabled><AttributeHierarchyVisible>true</AttributeHierarchyVisible><AttributeHierarchyOptimizedState>FullyOptimized</AttributeHierarchyOptimizedState></Attribute></Attributes><Hierarchies/></Dimension><Dimension><ID>Dim Product 1</ID><Name>Dim Product 1</Name><DimensionID>Dim Product 1</DimensionID><Visible>true</Visible><HierarchyUniqueNameStyle>IncludeDimensionName</HierarchyUniqueNameStyle><MemberUniqueNameStyle>Native</MemberUniqueNameStyle><AllMemberAggregationUsage>Default</AllMemberAggregationUsage><Translations/><Attributes><Attribute><AttributeID>Product Id</AttributeID><AggregationUsage>Default</AggregationUsage><AttributeHierarchyEnabled>true</AttributeHierarchyEnabled><AttributeHierarchyVisible>true</AttributeHierarchyVisible><AttributeHierarchyOptimizedState>FullyOptimized</AttributeHierarchyOptimizedState></Attribute></Attributes><Hierarchies/></Dimension><Dimension><ID>Dim Employee</ID><Name>Dim Employee</Name><DimensionID>Dim Employee</DimensionID><Visible>true</Visible><HierarchyUniqueNameStyle>IncludeDimensionName</HierarchyUniqueNameStyle><MemberUniqueNameStyle>Native</MemberUniqueNameStyle><AllMemberAggregationUsage>Default</AllMemberAggregationUsage><Translations/><Attributes><Attribute><AttributeID>Employee Id</AttributeID><AggregationUsage>Default</AggregationUsage><AttributeHierarchyEnabled>true</AttributeHierarchyEnabled><AttributeHierarchyVisible>true</AttributeHierarchyVisible><AttributeHierarchyOptimizedState>FullyOptimized</AttributeHierarchyOptimizedState></Attribute><Attribute><AttributeID>Emp Last Name</AttributeID><AggregationUsage>Default</AggregationUsage><AttributeHierarchyEnabled>true</AttributeHierarchyEnabled><AttributeHierarchyVisible>true</AttributeHierarchyVisible><AttributeHierarchyOptimizedState>FullyOptimized</AttributeHierarchyOptimizedState></Attribute></Attributes><Hierarchies/></Dimension><Dimension><ID>Dim Employee 1</ID><Name>Dim Employee 1</Name><DimensionID>Dim Employee 1</DimensionID><Visible>true</Visible><HierarchyUniqueNameStyle>IncludeDimensionName</HierarchyUniqueNameStyle><MemberUniqueNameStyle>Native</MemberUniqueNameStyle><AllMemberAggregationUsage>Default</AllMemberAggregationUsage><Translations/><Attributes><Attribute><AttributeID>Employee Id</AttributeID><AggregationUsage>Default</AggregationUsage><AttributeHierarchyEnabled>true</AttributeHierarchyEnabled><AttributeHierarchyVisible>true</AttributeHierarchyVisible><AttributeHierarchyOptimizedState>FullyOptimized</AttributeHierarchyOptimizedState></Attribute></Attributes><Hierarchies/></Dimension><Dimension><ID>Dim Supplier</ID><Name>Dim Supplier</Name><DimensionID>Dim Supplier</DimensionID><Visible>true</Visible><HierarchyUniqueNameStyle>IncludeDimensionName</HierarchyUniqueNameStyle><MemberUniqueNameStyle>Native</MemberUniqueNameStyle><AllMemberAggregationUsage>Default</AllMemberAggregationUsage><Translations/><Attributes><Attribute><AttributeID>Supplier Id</AttributeID><AggregationUsage>Default</AggregationUsage><AttributeHierarchyEnabled>true</AttributeHierarchyEnabled><AttributeHierarchyVisible>true</AttributeHierarchyVisible><AttributeHierarchyOptimizedState>FullyOptimized</AttributeHierarchyOptimizedState></Attribute><Attribute><AttributeID>Country</AttributeID><AggregationUsage>Default</AggregationUsage><AttributeHierarchyEnabled>true</AttributeHierarchyEnabled><AttributeHierarchyVisible>true</AttributeHierarchyVisible><AttributeHierarchyOptimizedState>FullyOptimized</AttributeHierarchyOptimizedState></Attribute></Attributes><Hierarchies/></Dimension><Dimension><ID>Dim Supplier 1</ID><Name>Dim Supplier 1</Name><DimensionID>Dim Supplier 1</DimensionID><Visible>true</Visible><HierarchyUniqueNameStyle>IncludeDimensionName</HierarchyUniqueNameStyle><MemberUniqueNameStyle>Native</MemberUniqueNameStyle><AllMemberAggregationUsage>Default</AllMemberAggregationUsage><Translations/><Attributes><Attribute><AttributeID>Supplier Id</AttributeID><AggregationUsage>Default</AggregationUsage><AttributeHierarchyEnabled>true</AttributeHierarchyEnabled><AttributeHierarchyVisible>true</AttributeHierarchyVisible><AttributeHierarchyOptimizedState>FullyOptimized</AttributeHierarchyOptimizedState></Attribute></Attributes><Hierarchies/></Dimension></Dimensions><Kpis/><Actions/><StructureVersion>0</StructureVersion><DataVersion>1</DataVersion><CalcVersion>0</CalcVersion><LastBindingChange>1601-01-01T00:00:00</LastBindingChange><LastUpdate>2023-11-25T22:40:25.286667</LastUpdate><MeasureGroupFileList>Dim Supplier.2.det.xml;Dim Employee.2.det.xml;Dim Customer.2.det.xml;Dim Product.2.det.xml</MeasureGroupFileList><PerspectiveFileList/><AssemblyFileList/><PermissionFileList/></Cube></ObjectDefinition></Load>