<Load xmlns="http://schemas.microsoft.com/analysisservices/2003/engine" xmlns:ddl2="http://schemas.microsoft.com/analysisservices/2003/engine/2" xmlns:ddl2_2="http://schemas.microsoft.com/analysisservices/2003/engine/2/2" xmlns:ddl100="http://schemas.microsoft.com/analysisservices/2008/engine/100" xmlns:ddl100_100="http://schemas.microsoft.com/analysisservices/2008/engine/100/100" xmlns:ddl200="http://schemas.microsoft.com/analysisservices/2010/engine/200" xmlns:ddl200_200="http://schemas.microsoft.com/analysisservices/2010/engine/200/200" xmlns:ddl300="http://schemas.microsoft.com/analysisservices/2011/engine/300" xmlns:ddl300_300="http://schemas.microsoft.com/analysisservices/2011/engine/300/300" xmlns:ddl400="http://schemas.microsoft.com/analysisservices/2012/engine/400" xmlns:ddl400_400="http://schemas.microsoft.com/analysisservices/2012/engine/400/400" xmlns:ddl410="http://schemas.microsoft.com/analysisservices/2012/engine/410" xmlns:ddl410_410="http://schemas.microsoft.com/analysisservices/2012/engine/410/410" xmlns:ddl500="http://schemas.microsoft.com/analysisservices/2013/engine/500" xmlns:ddl500_500="http://schemas.microsoft.com/analysisservices/2013/engine/500/500" xmlns:ddl600="http://schemas.microsoft.com/analysisservices/2013/engine/600" xmlns:ddl600_600="http://schemas.microsoft.com/analysisservices/2013/engine/600/600" xmlns:ddl700="http://schemas.microsoft.com/analysisservices/2018/engine/700" xmlns:ddl700_700="http://schemas.microsoft.com/analysisservices/2018/engine/700/700" xmlns:ddl800="http://schemas.microsoft.com/analysisservices/2018/engine/800" xmlns:ddl800_800="http://schemas.microsoft.com/analysisservices/2018/engine/800/800" xmlns:ddl900="http://schemas.microsoft.com/analysisservices/2019/engine/900" xmlns:ddl900_900="http://schemas.microsoft.com/analysisservices/2019/engine/900/900" xmlns:ddl910="http://schemas.microsoft.com/analysisservices/2020/engine/910" xmlns:ddl910_910="http://schemas.microsoft.com/analysisservices/2020/engine/910/910" xmlns:ddl920="http://schemas.microsoft.com/analysisservices/2020/engine/920" xmlns:ddl920_920="http://schemas.microsoft.com/analysisservices/2020/engine/920/920" xmlns:ddl921="http://schemas.microsoft.com/analysisservices/2021/engine/921" xmlns:ddl921_921="http://schemas.microsoft.com/analysisservices/2021/engine/921/921" xmlns:xsd="http://www.w3.org/2001/XMLSchema" xmlns:xsi="http://www.w3.org/2001/XMLSchema-instance"><ParentObject><DatabaseID>RegionMobility_OLAP</DatabaseID><CubeID>Covid Report</CubeID></ParentObject><ObjectDefinition><MeasureGroup><Name>Dim Date</Name><ID>Dim Date</ID><CreatedTimestamp>2023-11-26T03:17:38.943333</CreatedTimestamp><LastSchemaUpdate>2023-11-26T03:17:56.066667</LastSchemaUpdate><ObjectVersion>2</ObjectVersion><ObjectID>D0316311-AB73-4540-89A7-AD94C7CB41C4</ObjectID><Ordinal>2</Ordinal><PersistLocation>0</PersistLocation><System>false</System><DataFileList/><Description/><LastProcessed>2023-11-26T03:17:41.826667</LastProcessed><Type>Regular</Type><DataAggregation>DataAndCacheAggregatable</DataAggregation><AggregationPrefix/><StorageMode>Molap</StorageMode><ProcessingPriority>0</ProcessingPriority><StorageLocation/><IgnoreUnrelatedDimensions>true</IgnoreUnrelatedDimensions><EstimatedRows>0</EstimatedRows><ProcessingMode>Regular</ProcessingMode><ProactiveCaching><SilenceInterval>-PT1S</SilenceInterval><Latency>-PT1S</Latency><SilenceOverrideInterval>-PT1S</SilenceOverrideInterval><ForceRebuildInterval>-PT1S</ForceRebuildInterval><Enabled>false</Enabled><AggregationStorage>Regular</AggregationStorage><OnlineMode>Immediate</OnlineMode><Source xsi:type="ProactiveCachingInheritedBinding"><NotificationTechnique>Client</NotificationTechnique></Source></ProactiveCaching><Measures><Measure><Name>Year</Name><ID>Year</ID><Description/><AggregateFunction>Sum</AggregateFunction><DataType>Integer</DataType><Visible>true</Visible><MeasureExpression/><DisplayFolder/><FormatString/><BackColor/><ForeColor/><FontName/><FontSize/><FontFlags/><Source><DataType>Integer</DataType><DataSize>0</DataSize><NullProcessing>Automatic</NullProcessing><Collation/><Format/><Source xsi:type="ColumnBinding"><TableID>dbo_Dim_Date</TableID><ColumnID>Year</ColumnID></Source></Source><Translations/></Measure><Measure><Name>Quarter</Name><ID>Quarter</ID><Description/><AggregateFunction>Sum</AggregateFunction><DataType>Integer</DataType><Visible>true</Visible><MeasureExpression/><DisplayFolder/><FormatString/><BackColor/><ForeColor/><FontName/><FontSize/><FontFlags/><Source><DataType>Integer</DataType><DataSize>0</DataSize><NullProcessing>Automatic</NullProcessing><Collation/><Format/><Source xsi:type="ColumnBinding"><TableID>dbo_Dim_Date</TableID><ColumnID>Quarter</ColumnID></Source></Source><Translations/></Measure><Measure><Name>Month</Name><ID>Month</ID><Description/><AggregateFunction>Sum</AggregateFunction><DataType>Integer</DataType><Visible>true</Visible><MeasureExpression/><DisplayFolder/><FormatString/><BackColor/><ForeColor/><FontName/><FontSize/><FontFlags/><Source><DataType>Integer</DataType><DataSize>0</DataSize><NullProcessing>Automatic</NullProcessing><Collation/><Format/><Source xsi:type="ColumnBinding"><TableID>dbo_Dim_Date</TableID><ColumnID>Month</ColumnID></Source></Source><Translations/></Measure><Measure><Name>Week</Name><ID>Week</ID><Description/><AggregateFunction>Sum</AggregateFunction><DataType>Integer</DataType><Visible>true</Visible><MeasureExpression/><DisplayFolder/><FormatString/><BackColor/><ForeColor/><FontName/><FontSize/><FontFlags/><Source><DataType>Integer</DataType><DataSize>0</DataSize><NullProcessing>Automatic</NullProcessing><Collation/><Format/><Source xsi:type="ColumnBinding"><TableID>dbo_Dim_Date</TableID><ColumnID>Week</ColumnID></Source></Source><Translations/></Measure><Measure><Name>Day Of Week</Name><ID>Day Of Week</ID><Description/><AggregateFunction>Sum</AggregateFunction><DataType>Integer</DataType><Visible>true</Visible><MeasureExpression/><DisplayFolder/><FormatString/><BackColor/><ForeColor/><FontName/><FontSize/><FontFlags/><Source><DataType>Integer</DataType><DataSize>0</DataSize><NullProcessing>Automatic</NullProcessing><Collation/><Format/><Source xsi:type="ColumnBinding"><TableID>dbo_Dim_Date</TableID><ColumnID>DayOfWeek</ColumnID></Source></Source><Translations/></Measure></Measures><Dimensions><Dimension xsi:type="DegenerateMeasureGroupDimension"><Attributes><Attribute><AttributeID>Date Key</AttributeID><Type>Granularity</Type><Enabled>true</Enabled><KeyColumns><KeyColumn><DataType>Integer</DataType><DataSize>0</DataSize><NullProcessing>Automatic</NullProcessing><Collation/><Format/><Source xsi:type="ColumnBinding"><TableID>dbo_Dim_Date</TableID><ColumnID>DateKey</ColumnID></Source></KeyColumn></KeyColumns></Attribute><Attribute><AttributeID>Date</AttributeID><Type>Regular</Type><Enabled>true</Enabled><KeyColumns><KeyColumn><DataType>WChar</DataType><DataSize>10</DataSize><NullProcessing>Automatic</NullProcessing><Collation/><Format/><Source xsi:type="ColumnBinding"><TableID>dbo_Dim_Date</TableID><ColumnID>Date</ColumnID></Source></KeyColumn></KeyColumns></Attribute><Attribute><AttributeID>Year</AttributeID><Type>Regular</Type><Enabled>true</Enabled><KeyColumns><KeyColumn><DataType>Integer</DataType><DataSize>0</DataSize><NullProcessing>Automatic</NullProcessing><Collation/><Format/><Source xsi:type="ColumnBinding"><TableID>dbo_Dim_Date</TableID><ColumnID>Year</ColumnID></Source></KeyColumn></KeyColumns></Attribute><Attribute><AttributeID>Quarter</AttributeID><Type>Regular</Type><Enabled>true</Enabled><KeyColumns><KeyColumn><DataType>Integer</DataType><DataSize>0</DataSize><NullProcessing>Automatic</NullProcessing><Collation/><Format/><Source xsi:type="ColumnBinding"><TableID>dbo_Dim_Date</TableID><ColumnID>Quarter</ColumnID></Source></KeyColumn></KeyColumns></Attribute><Attribute><AttributeID>Month</AttributeID><Type>Regular</Type><Enabled>true</Enabled><KeyColumns><KeyColumn><DataType>Integer</DataType><DataSize>0</DataSize><NullProcessing>Automatic</NullProcessing><Collation/><Format/><Source xsi:type="ColumnBinding"><TableID>dbo_Dim_Date</TableID><ColumnID>Month</ColumnID></Source></KeyColumn></KeyColumns></Attribute><Attribute><AttributeID>Week</AttributeID><Type>Regular</Type><Enabled>true</Enabled><KeyColumns><KeyColumn><DataType>Integer</DataType><DataSize>0</DataSize><NullProcessing>Automatic</NullProcessing><Collation/><Format/><Source xsi:type="ColumnBinding"><TableID>dbo_Dim_Date</TableID><ColumnID>Week</ColumnID></Source></KeyColumn></KeyColumns></Attribute><Attribute><AttributeID>Day Of Week</AttributeID><Type>Regular</Type><Enabled>true</Enabled><KeyColumns><KeyColumn><DataType>Integer</DataType><DataSize>0</DataSize><NullProcessing>Automatic</NullProcessing><Collation/><Format/><Source xsi:type="ColumnBinding"><TableID>dbo_Dim_Date</TableID><ColumnID>DayOfWeek</ColumnID></Source></KeyColumn></KeyColumns></Attribute></Attributes><CubeDimensionID>Dim Date</CubeDimensionID></Dimension><Dimension xsi:type="RegularMeasureGroupDimension"><Attributes><Attribute><AttributeID>Date Key</AttributeID><Type>Granularity</Type><Enabled>true</Enabled><KeyColumns><KeyColumn><DataType>Integer</DataType><DataSize>0</DataSize><NullProcessing>Automatic</NullProcessing><Collation/><Format/><Source xsi:type="ColumnBinding"><TableID>dbo_Dim_Date</TableID><ColumnID>DateKey</ColumnID></Source></KeyColumn></KeyColumns></Attribute></Attributes><Cardinality>One</Cardinality><CubeDimensionID>Dim Date 1</CubeDimensionID></Dimension></Dimensions><Translations/><StructureVersion>0</StructureVersion><CacheVersion>1</CacheVersion><DataVersion>0</DataVersion><LastBindingChange>1601-01-01T00:00:00</LastBindingChange><AggregationDesignFileList/><PartitionFileList>Dim Date.2.prt.xml</PartitionFileList></MeasureGroup></ObjectDefinition></Load>