<Load xmlns="http://schemas.microsoft.com/analysisservices/2003/engine" xmlns:ddl2="http://schemas.microsoft.com/analysisservices/2003/engine/2" xmlns:ddl2_2="http://schemas.microsoft.com/analysisservices/2003/engine/2/2" xmlns:ddl100="http://schemas.microsoft.com/analysisservices/2008/engine/100" xmlns:ddl100_100="http://schemas.microsoft.com/analysisservices/2008/engine/100/100" xmlns:ddl200="http://schemas.microsoft.com/analysisservices/2010/engine/200" xmlns:ddl200_200="http://schemas.microsoft.com/analysisservices/2010/engine/200/200" xmlns:ddl300="http://schemas.microsoft.com/analysisservices/2011/engine/300" xmlns:ddl300_300="http://schemas.microsoft.com/analysisservices/2011/engine/300/300" xmlns:ddl400="http://schemas.microsoft.com/analysisservices/2012/engine/400" xmlns:ddl400_400="http://schemas.microsoft.com/analysisservices/2012/engine/400/400" xmlns:ddl410="http://schemas.microsoft.com/analysisservices/2012/engine/410" xmlns:ddl410_410="http://schemas.microsoft.com/analysisservices/2012/engine/410/410" xmlns:ddl500="http://schemas.microsoft.com/analysisservices/2013/engine/500" xmlns:ddl500_500="http://schemas.microsoft.com/analysisservices/2013/engine/500/500" xmlns:ddl600="http://schemas.microsoft.com/analysisservices/2013/engine/600" xmlns:ddl600_600="http://schemas.microsoft.com/analysisservices/2013/engine/600/600" xmlns:ddl700="http://schemas.microsoft.com/analysisservices/2018/engine/700" xmlns:ddl700_700="http://schemas.microsoft.com/analysisservices/2018/engine/700/700" xmlns:ddl800="http://schemas.microsoft.com/analysisservices/2018/engine/800" xmlns:ddl800_800="http://schemas.microsoft.com/analysisservices/2018/engine/800/800" xmlns:ddl900="http://schemas.microsoft.com/analysisservices/2019/engine/900" xmlns:ddl900_900="http://schemas.microsoft.com/analysisservices/2019/engine/900/900" xmlns:ddl910="http://schemas.microsoft.com/analysisservices/2020/engine/910" xmlns:ddl910_910="http://schemas.microsoft.com/analysisservices/2020/engine/910/910" xmlns:ddl920="http://schemas.microsoft.com/analysisservices/2020/engine/920" xmlns:ddl920_920="http://schemas.microsoft.com/analysisservices/2020/engine/920/920" xmlns:ddl921="http://schemas.microsoft.com/analysisservices/2021/engine/921" xmlns:ddl921_921="http://schemas.microsoft.com/analysisservices/2021/engine/921/921" xmlns:xsd="http://www.w3.org/2001/XMLSchema" xmlns:xsi="http://www.w3.org/2001/XMLSchema-instance"><ObjectDefinition><Database><Name>Northwind_OLAP</Name><ID>Northwind_OLAP</ID><CreatedTimestamp>2023-11-25T22:34:28.21</CreatedTimestamp><LastSchemaUpdate>2023-11-25T22:36:44.253333</LastSchemaUpdate><ObjectVersion>1</ObjectVersion><ObjectID>B0E6F758-3488-48E6-AB63-A1FB08FC0D7D</ObjectID><Ordinal>1</Ordinal><PersistLocation>0</PersistLocation><System>false</System><DataFileList>0.CryptKey.bin</DataFileList><Description/><LastProcessed>2023-11-25T22:36:44.613333</LastProcessed><ddl800:DbUniqueId>877B8598-16AD-436C-8789-6EE9CE6430B2</ddl800:DbUniqueId><AggregationPrefix/><Language>1033</Language><Collation>Modern_Spanish_CI_AS</Collation><Visible>true</Visible><MasterDataSourceID/><ProcessingPriority>0</ProcessingPriority><ddl200:CompatibilityLevel>1100</ddl200:CompatibilityLevel><Translations/><DataSourceImpersonationInfo><ImpersonationMode>Default</ImpersonationMode><Account/><Password>96aT/0HRGtsKRyqf7mJlnOzuPyr8HAy99r7LtNIeR4Huzx6MnAjfJSDNyM8k32rrwAz8iHiosAUv 
iYOMfvKBbav5OQ2HKuM2i4RNXTHm6DM= 
</Password></DataSourceImpersonationInfo><DataVersion>0</DataVersion><ddl921:UseCryptoNextGen>true</ddl921:UseCryptoNextGen></Database></ObjectDefinition></Load>