<Dimension xmlns="http://schemas.microsoft.com/analysisservices/2003/ext" xmlns:xsd="http://www.w3.org/2001/XMLSchema" xmlns:xsi="http://www.w3.org/2001/XMLSchema-instance"><DataVersion>1</DataVersion><IndexVersion>1</IndexVersion><DecodeStoreVersion>1</DecodeStoreVersion><LevelStoreVersion>1</LevelStoreVersion><Properties><Property><ParentChild>false</ParentChild><MapDataset><m_cbOffsetHeader>0</m_cbOffsetHeader><m_cbOffsetData>1152921504606846976</m_cbOffsetData><m_cRecord>92</m_cRecord><m_cSegment>1</m_cSegment><m_mskFormat>269484288</m_mskFormat><m_cbHeader>28</m_cbHeader><m_cPath>3</m_cPath><m_cData>0</m_cData><m_cSegmentIndex>0</m_cSegmentIndex><MapDataIndices/><MinMaxValues/></MapDataset><Depth>0</Depth><Balanced>true</Balanced><HasHoles>false</HasHoles></Property><Property><ParentChild>false</ParentChild><MapDataset><m_cbOffsetHeader>9223372036854775808</m_cbOffsetHeader><m_cbOffsetData>9223372036854775808</m_cbOffsetData><m_cRecord>0</m_cRecord><m_cSegment>0</m_cSegment><m_mskFormat>269484288</m_mskFormat><m_cbHeader>0</m_cbHeader><m_cPath>0</m_cPath><m_cData>0</m_cData><m_cSegmentIndex>0</m_cSegmentIndex><MapDataIndices/><MinMaxValues/></MapDataset><Depth>0</Depth><Balanced>true</Balanced><HasHoles>false</HasHoles></Property><Property><ParentChild>false</ParentChild><MapDataset><m_cbOffsetHeader>9223372036854775808</m_cbOffsetHeader><m_cbOffsetData>9223372036854775808</m_cbOffsetData><m_cRecord>0</m_cRecord><m_cSegment>0</m_cSegment><m_mskFormat>269484288</m_mskFormat><m_cbHeader>0</m_cbHeader><m_cPath>0</m_cPath><m_cData>0</m_cData><m_cSegmentIndex>0</m_cSegmentIndex><MapDataIndices/><MinMaxValues/></MapDataset><Depth>0</Depth><Balanced>true</Balanced><HasHoles>false</HasHoles></Property></Properties></Dimension>